Ideal,Noisy,Data Path
"[0.014979999999999999, -0.03276, -0.013660000000000002, 0.009859999999999997, 0.022380000000000004]","[0.02324, -0.019200000000000002, -0.025840000000000002, 0.03704, 0.02832]",../tutorials/data/ising_zne_hardware/100q_brisbane/step_01_J00.pk
"[-0.4677, -0.50136, -0.46118000000000003, -0.47695999999999994, -0.47104]","[-0.44044, -0.4678, -0.4474, -0.45355999999999996, -0.44904]",../tutorials/data/ising_zne_hardware/100q_brisbane/step_01_J01.pk
"[-0.46919999999999995, -0.4794599999999999, -0.47648, -0.4853000000000002, -0.46608000000000005]","[-0.44487999999999994, -0.4578399999999999, -0.45728, -0.4478000000000001, -0.44528]",../tutorials/data/ising_zne_hardware/100q_brisbane/step_01_J02.pk
"[-0.4755599999999999, -0.4480599999999999, -0.46636, -0.4740599999999999, -0.46294]","[-0.44159999999999994, -0.43567999999999996, -0.44451999999999997, -0.45267999999999997, -0.44112]",../tutorials/data/ising_zne_hardware/100q_brisbane/step_01_J03.pk
"[-0.48061999999999994, -0.46720000000000006, -0.46752000000000005, -0.48041999999999996, -0.4747]","[-0.42835999999999996, -0.42952, -0.42076, -0.43892, -0.4434]",../tutorials/data/ising_zne_hardware/100q_brisbane/step_01_J04.pk
"[-0.47428000000000003, -0.45921999999999996, -0.4377400000000001, -0.4537, -0.45398000000000005]","[-0.42484, -0.42444, -0.42540000000000006, -0.44483999999999996, -0.42560000000000003]",../tutorials/data/ising_zne_hardware/100q_brisbane/step_01_J05.pk
"[-0.4335, -0.46126, -0.48226, -0.47143999999999997, -0.46464]","[-0.39116, -0.42308, -0.44484, -0.44172, -0.44376]",../tutorials/data/ising_zne_hardware/100q_brisbane/step_01_J06.pk
"[-0.45974, -0.48561999999999994, -0.47350000000000003, -0.4908999999999999, -0.49332]","[-0.43872, -0.46452, -0.45312, -0.45011999999999996, -0.46628]",../tutorials/data/ising_zne_hardware/100q_brisbane/step_01_J07.pk
"[-0.49177999999999994, -0.47346, -0.48685999999999996, -0.46618000000000015, -0.48632]","[-0.44799999999999995, -0.44924, -0.44588, -0.44644000000000006, -0.46536]",../tutorials/data/ising_zne_hardware/100q_brisbane/step_01_J08.pk
"[-0.46184000000000003, -0.49473999999999996, -0.47128000000000003, -0.46236, -0.46296000000000015]","[-0.44820000000000004, -0.47147999999999995, -0.43848000000000004, -0.45264, -0.44068000000000007]",../tutorials/data/ising_zne_hardware/100q_brisbane/step_01_J09.pk
"[-0.47850000000000004, -0.47695999999999994, -0.45820000000000005, -0.49129999999999996, -0.5293599999999999]","[-0.44488000000000005, -0.42616, -0.42156000000000005, -0.43232, -0.46175999999999995]",../tutorials/data/ising_zne_hardware/100q_brisbane/step_01_J10.pk
"[-0.4613400000000001, -0.50026, -0.46596000000000004, -0.49618000000000007, -0.48693999999999993]","[-0.43012000000000006, -0.46736000000000005, -0.44268, -0.46616, -0.45899999999999996]",../tutorials/data/ising_zne_hardware/100q_brisbane/step_01_J11.pk
"[-0.46418, -0.4955799999999999, -0.47828, -0.4459599999999999, -0.4932000000000001]","[-0.4474, -0.47343999999999997, -0.45808, -0.44487999999999994, -0.46092000000000005]",../tutorials/data/ising_zne_hardware/100q_brisbane/step_01_J12.pk
"[-0.44564, -0.47109999999999996, -0.45830000000000004, -0.47335999999999995, -0.4708]","[-0.42832, -0.43788, -0.40648, -0.39531999999999995, -0.43]",../tutorials/data/ising_zne_hardware/100q_brisbane/step_01_J13.pk
"[-0.4970400000000001, -0.46062, -0.44798000000000004, -0.45106, -0.42778]","[-0.44212000000000007, -0.42916, -0.42756, -0.41944, -0.38556]",../tutorials/data/ising_zne_hardware/100q_brisbane/step_01_J14.pk
"[-0.44956000000000007, -0.49882000000000004, -0.4711999999999999, -0.4195000000000001, -0.42962]","[-0.42632000000000003, -0.45836000000000005, -0.43987999999999994, -0.38588000000000006, -0.41544]",../tutorials/data/ising_zne_hardware/100q_brisbane/step_01_J15.pk
"[-0.46264000000000005, -0.4610599999999999, -0.4928, -0.5013799999999999, -0.43326]","[-0.42872000000000005, -0.42035999999999996, -0.44012, -0.46036, -0.40352]",../tutorials/data/ising_zne_hardware/100q_brisbane/step_01_J16.pk
"[-0.48846, -0.45668000000000003, -0.47631999999999997, -0.44755999999999996, -0.49049999999999994]","[-0.45244, -0.43208, -0.44292, -0.41087999999999997, -0.44436]",../tutorials/data/ising_zne_hardware/100q_brisbane/step_01_J17.pk
"[-0.46962000000000004, -0.459, -0.4675999999999999, -0.4959, -0.48502]","[-0.44324, -0.43484, -0.42923999999999995, -0.4548, -0.45136000000000004]",../tutorials/data/ising_zne_hardware/100q_brisbane/step_01_J18.pk
"[-0.49356, -0.44278000000000006, -0.45063999999999993, -0.46342000000000005, -0.45536]","[-0.45224000000000003, -0.40608000000000005, -0.40184, -0.43376000000000003, -0.43056]",../tutorials/data/ising_zne_hardware/100q_brisbane/step_01_J19.pk
"[-0.46582, -0.47043999999999997, -0.4806, -0.45266000000000006, -0.42698]","[-0.42756, -0.421, -0.44684, -0.43308, -0.40704]",../tutorials/data/ising_zne_hardware/100q_brisbane/step_01_J20.pk
"[-0.49822, -0.50148, -0.47622000000000003, -0.4678, -0.44458]","[-0.44348, -0.46108000000000005, -0.4444, -0.44132, -0.41136]",../tutorials/data/ising_zne_hardware/100q_brisbane/step_01_J21.pk
"[-0.4606800000000001, -0.46224, -0.4675599999999999, -0.48824, -0.47706000000000015]","[-0.42200000000000004, -0.42607999999999996, -0.42523999999999995, -0.45176, -0.42780000000000007]",../tutorials/data/ising_zne_hardware/100q_brisbane/step_01_J22.pk
"[-0.49596000000000007, -0.45720000000000005, -0.48818000000000006, -0.4783599999999999, -0.4609]","[-0.45084, -0.43360000000000004, -0.45416, -0.4378399999999999, -0.43488]",../tutorials/data/ising_zne_hardware/100q_brisbane/step_01_J23.pk
"[-0.45403999999999994, -0.4744999999999999, -0.4625600000000001, -0.48974000000000006, -0.4768400000000001]","[-0.43964, -0.42779999999999996, -0.42772000000000004, -0.46816, -0.43988000000000005]",../tutorials/data/ising_zne_hardware/100q_brisbane/step_01_J24.pk
"[-0.47920000000000007, -0.46822, -0.4719799999999999, -0.47812, -0.48184000000000005]","[-0.45220000000000005, -0.4408, -0.46419999999999995, -0.45004, -0.462]",../tutorials/data/ising_zne_hardware/100q_brisbane/step_01_J25.pk
"[-0.47819999999999996, -0.4237599999999999, -0.44945999999999997, -0.44011999999999996, -0.46368000000000004]","[-0.44136, -0.40103999999999995, -0.42844, -0.42639999999999995, -0.41444000000000003]",../tutorials/data/ising_zne_hardware/100q_brisbane/step_01_J26.pk
"[-0.48113999999999996, -0.48302, -0.45659999999999995, -0.5192399999999999, -0.4706600000000001]","[-0.44208, -0.4646, -0.44887999999999995, -0.47612, -0.4558400000000001]",../tutorials/data/ising_zne_hardware/100q_brisbane/step_01_J27.pk
"[-0.49718000000000007, -0.503, -0.43687999999999994, -0.5016600000000001, -0.4646]","[-0.44980000000000003, -0.46532, -0.40843999999999997, -0.45432000000000006, -0.42572]",../tutorials/data/ising_zne_hardware/100q_brisbane/step_01_J28.pk
"[-0.4672, -0.43716, -0.4670000000000001, -0.46362000000000003, -0.4947800000000001]","[-0.43296, -0.38876, -0.41976, -0.42656, -0.43732000000000004]",../tutorials/data/ising_zne_hardware/100q_brisbane/step_01_J29.pk
"[-0.47353999999999996, -0.49053999999999987, -0.46919999999999995, -0.48414, -0.49191999999999997]","[-0.43684, -0.4586799999999999, -0.43976, -0.454, -0.44367999999999996]",../tutorials/data/ising_zne_hardware/100q_brisbane/step_01_J30.pk
"[-0.48351999999999984, -0.47995999999999994, -0.47850000000000004, -0.47162000000000004, -0.48496000000000006]","[-0.4354799999999999, -0.42128, -0.43368, -0.44288000000000005, -0.43288000000000004]",../tutorials/data/ising_zne_hardware/100q_brisbane/step_01_J31.pk
"[-0.4767600000000001, -0.48736, -0.47065999999999997, -0.47802000000000006, -0.47409999999999997]","[-0.44236000000000003, -0.44908000000000003, -0.44032, -0.42488000000000004, -0.44364]",../tutorials/data/ising_zne_hardware/100q_brisbane/step_01_J32.pk
"[-0.4935600000000001, -0.48018000000000005, -0.4613600000000001, -0.48008, -0.48406000000000005]","[-0.44532000000000005, -0.44112, -0.4300800000000001, -0.45404, -0.4446]",../tutorials/data/ising_zne_hardware/100q_brisbane/step_01_J33.pk
"[-0.5007199999999999, -0.46714000000000006, -0.4861599999999999, -0.49594000000000005, -0.47919999999999996]","[-0.46579999999999994, -0.43532000000000004, -0.44555999999999996, -0.45044000000000006, -0.4356]",../tutorials/data/ising_zne_hardware/100q_brisbane/step_01_J34.pk
"[-0.45741999999999994, -0.49304, -0.49163999999999997, -0.5312600000000001, -0.47628000000000004]","[-0.44636, -0.44904, -0.45899999999999996, -0.49124, -0.45108000000000004]",../tutorials/data/ising_zne_hardware/100q_brisbane/step_01_J35.pk
"[-0.42032, -0.4536, -0.44593999999999995, -0.45144000000000006, -0.46451999999999993]","[-0.3886, -0.42964, -0.40728, -0.42688000000000004, -0.43323999999999996]",../tutorials/data/ising_zne_hardware/100q_brisbane/step_01_J36.pk
"[-0.46040000000000014, -0.47512, -0.50436, -0.43767999999999996, -0.48726]","[-0.42352000000000006, -0.42684, -0.44376, -0.41384, -0.43348000000000003]",../tutorials/data/ising_zne_hardware/100q_brisbane/step_01_J37.pk
"[-0.49278, -0.47702, -0.47734, -0.47646, -0.4789799999999999]","[-0.47156000000000003, -0.45652, -0.45244, -0.44128, -0.44247999999999993]",../tutorials/data/ising_zne_hardware/100q_brisbane/step_01_J38.pk
"[-0.50278, -0.4630799999999999, -0.45397999999999994, -0.4598, -0.4800000000000001]","[-0.45152000000000003, -0.4409199999999999, -0.43179999999999996, -0.44328, -0.44700000000000006]",../tutorials/data/ising_zne_hardware/100q_brisbane/step_01_J39.pk
"[-0.47472000000000003, -0.4586400000000001, -0.4424, -0.44487999999999994, -0.4680399999999999]","[-0.44168, -0.4076000000000001, -0.40476, -0.41319999999999996, -0.4215999999999999]",../tutorials/data/ising_zne_hardware/100q_brisbane/step_01_J40.pk
"[-0.4857, -0.48502, -0.5032000000000001, -0.4866600000000001, -0.46716000000000013]","[-0.43832000000000004, -0.44984, -0.46672, -0.45136000000000004, -0.43932000000000004]",../tutorials/data/ising_zne_hardware/100q_brisbane/step_01_J41.pk
"[-0.48361999999999994, -0.48805999999999994, -0.4996600000000001, -0.4497, -0.44974000000000014]","[-0.44464, -0.45524, -0.43104000000000003, -0.4122, -0.42780000000000007]",../tutorials/data/ising_zne_hardware/100q_brisbane/step_01_J42.pk
"[-0.46277999999999997, -0.48052, -0.4737, -0.47246000000000005, -0.47978]","[-0.43235999999999997, -0.44928, -0.4366, -0.45768000000000003, -0.44376]",../tutorials/data/ising_zne_hardware/100q_brisbane/step_01_J43.pk
"[-0.4940799999999999, -0.4551200000000001, -0.4484800000000001, -0.48084, -0.46694]","[-0.44399999999999995, -0.41272000000000003, -0.41756000000000004, -0.43648, -0.43308]",../tutorials/data/ising_zne_hardware/100q_brisbane/step_01_J44.pk
"[-0.47594, -0.4459800000000001, -0.44773999999999997, -0.48402, -0.5014000000000001]","[-0.45004, -0.44228000000000006, -0.43088, -0.44308000000000003, -0.46108000000000005]",../tutorials/data/ising_zne_hardware/100q_brisbane/step_01_J45.pk
"[-0.4746, -0.47226000000000007, -0.46774, -0.45902, -0.4657199999999999]","[-0.45004, -0.45708000000000004, -0.45248, -0.4266, -0.43843999999999994]",../tutorials/data/ising_zne_hardware/100q_brisbane/step_01_J46.pk
"[-0.44519999999999993, -0.46430000000000005, -0.47652, -0.4897000000000001, -0.505]","[-0.42044, -0.43284, -0.44032, -0.45864000000000005, -0.46236]",../tutorials/data/ising_zne_hardware/100q_brisbane/step_01_J47.pk
"[-0.47062, -0.45920000000000005, -0.44044000000000005, -0.45058, -0.47959999999999997]","[-0.43788, -0.43176000000000003, -0.43088000000000004, -0.43579999999999997, -0.43163999999999997]",../tutorials/data/ising_zne_hardware/100q_brisbane/step_01_J48.pk
"[-0.43016000000000004, -0.48905999999999994, -0.49484, -0.4948000000000001, -0.51426]","[-0.39588, -0.46503999999999995, -0.44992, -0.44732000000000005, -0.47312000000000004]",../tutorials/data/ising_zne_hardware/100q_brisbane/step_01_J49.pk
"[-0.9804000000000002, -1.00394, -0.9852200000000001, -0.9689999999999999, -0.99884]","[-0.8087200000000001, -0.8182, -0.80632, -0.8176399999999999, -0.79172]",../tutorials/data/ising_zne_hardware/100q_brisbane/step_02_J00.pk
"[0.24627999999999994, 0.25742, 0.17028, 0.21603999999999998, 0.23696]","[0.22359999999999997, 0.24076, 0.1518, 0.19748, 0.23435999999999998]",../tutorials/data/ising_zne_hardware/100q_brisbane/step_02_J01.pk
"[0.41378000000000004, 0.35456, 0.39846000000000004, 0.38636000000000004, 0.36422]","[0.3518, 0.32472, 0.33688, 0.33028, 0.3166]",../tutorials/data/ising_zne_hardware/100q_brisbane/step_02_J02.pk
"[0.2496, 0.31961999999999996, 0.23518, 0.25905999999999996, 0.32662]","[0.23224, 0.30448, 0.20804, 0.21811999999999995, 0.28192]",../tutorials/data/ising_zne_hardware/100q_brisbane/step_02_J03.pk
"[-0.5368400000000001, -0.42904, -0.47884, -0.42052, -0.48651999999999995]","[-0.41900000000000004, -0.31348, -0.34196, -0.3216, -0.39855999999999997]",../tutorials/data/ising_zne_hardware/100q_brisbane/step_02_J04.pk
"[-0.47746000000000005, -0.47853999999999997, -0.49261999999999995, -0.3613400000000001, -0.47598]","[-0.36892, -0.3882, -0.39752, -0.2826000000000001, -0.37612]",../tutorials/data/ising_zne_hardware/100q_brisbane/step_02_J05.pk
"[-0.51766, -0.54348, -0.5331199999999999, -0.54644, -0.56438]","[-0.41904, -0.38376, -0.42219999999999996, -0.41508, -0.44808000000000003]",../tutorials/data/ising_zne_hardware/100q_brisbane/step_02_J06.pk
"[0.35229999999999995, 0.4006800000000001, 0.38042, 0.35208, 0.31404]","[0.33652, 0.3550400000000001, 0.3014, 0.2652, 0.28608]",../tutorials/data/ising_zne_hardware/100q_brisbane/step_02_J07.pk
"[0.31298, 0.34828000000000003, 0.34219999999999995, 0.34054, 0.26192000000000004]","[0.2808, 0.3094, 0.28379999999999994, 0.28104, 0.25812]",../tutorials/data/ising_zne_hardware/100q_brisbane/step_02_J08.pk
"[0.34891999999999995, 0.38171999999999995, 0.37814, 0.39497999999999994, 0.39138000000000006]","[0.30123999999999995, 0.32264, 0.34808, 0.32752, 0.32096]",../tutorials/data/ising_zne_hardware/100q_brisbane/step_02_J09.pk
"[-0.5563199999999999, -0.58264, -0.5117, -0.5233800000000001, -0.5259399999999999]","[-0.42783999999999994, -0.45696000000000003, -0.36884, -0.4234800000000001, -0.41655999999999993]",../tutorials/data/ising_zne_hardware/100q_brisbane/step_02_J10.pk
"[0.23745999999999998, 0.16312, 0.22662000000000004, 0.22935999999999995, 0.2255]","[0.205, 0.13324, 0.20060000000000003, 0.20579999999999998, 0.2222]",../tutorials/data/ising_zne_hardware/100q_brisbane/step_02_J11.pk
"[0.34056, 0.35341999999999996, 0.36288, 0.35209999999999997, 0.3589]","[0.27384, 0.31692, 0.3342, 0.28752, 0.32272]",../tutorials/data/ising_zne_hardware/100q_brisbane/step_02_J12.pk
"[-0.47740000000000005, -0.33440000000000003, -0.39624000000000004, -0.32409999999999994, -0.39264000000000004]","[-0.37884, -0.25912, -0.26164000000000004, -0.23019999999999996, -0.34072]",../tutorials/data/ising_zne_hardware/100q_brisbane/step_02_J13.pk
"[-0.43072, -0.41814, -0.4475, -0.44612, -0.47846]","[-0.31556, -0.33832, -0.30836, -0.34204, -0.34764]",../tutorials/data/ising_zne_hardware/100q_brisbane/step_02_J14.pk
"[-0.35258, -0.43556, -0.46204, -0.5407799999999999, -0.4061599999999999]","[-0.25132, -0.3302, -0.32864, -0.40031999999999995, -0.28267999999999993]",../tutorials/data/ising_zne_hardware/100q_brisbane/step_02_J15.pk
"[-0.20302, -0.33244000000000007, -0.20515999999999998, -0.19437999999999997, -0.34246000000000004]","[-0.13952, -0.28068000000000004, -0.17271999999999998, -0.10507999999999998, -0.2624]",../tutorials/data/ising_zne_hardware/100q_brisbane/step_02_J16.pk
"[0.28008, 0.18025999999999998, 0.19226000000000001, 0.14292000000000005, 0.19939999999999997]","[0.2612, 0.11483999999999998, 0.18364, 0.13984000000000002, 0.17592]",../tutorials/data/ising_zne_hardware/100q_brisbane/step_02_J17.pk
"[-0.011019999999999992, 0.08436, 0.06254, 0.033380000000000014, 0.05188]","[0.020080000000000004, 0.0814, 0.07596, 0.052120000000000014, 0.07492]",../tutorials/data/ising_zne_hardware/100q_brisbane/step_02_J18.pk
"[-0.31677999999999995, -0.14601999999999998, -0.13534000000000002, -0.3053599999999999, -0.26752000000000004]","[-0.25895999999999997, -0.0878, -0.05956, -0.25355999999999995, -0.19424000000000002]",../tutorials/data/ising_zne_hardware/100q_brisbane/step_02_J19.pk
"[0.3144199999999999, 0.30284, 0.26698, 0.33492000000000005, 0.30732]","[0.27331999999999995, 0.29568, 0.2284, 0.31136, 0.24036]",../tutorials/data/ising_zne_hardware/100q_brisbane/step_02_J20.pk
"[-0.44292000000000004, -0.46546, -0.43584, -0.4029400000000001, -0.48546000000000006]","[-0.27728, -0.35048, -0.3362, -0.28800000000000003, -0.34628000000000003]",../tutorials/data/ising_zne_hardware/100q_brisbane/step_02_J21.pk
"[-0.23539999999999997, -0.29668, -0.2621, -0.27773999999999993, -0.32354]","[-0.15603999999999998, -0.22784, -0.20368, -0.24055999999999997, -0.2556]",../tutorials/data/ising_zne_hardware/100q_brisbane/step_02_J22.pk
"[-0.10742, -0.06631999999999999, -0.039319999999999994, -0.03484, -0.13574000000000003]","[-0.06932, -0.03915999999999999, -0.0057599999999999926, -0.007160000000000004, -0.06288]",../tutorials/data/ising_zne_hardware/100q_brisbane/step_02_J23.pk
"[0.06682000000000002, 0.07771999999999998, 0.05706, 0.20042000000000001, 0.024739999999999998]","[0.08020000000000001, 0.07111999999999999, 0.08376, 0.1894, 0.017000000000000005]",../tutorials/data/ising_zne_hardware/100q_brisbane/step_02_J24.pk
"[0.40504, 0.38816, 0.43831999999999993, 0.41344000000000003, 0.39488000000000006]","[0.34288, 0.3282, 0.38367999999999997, 0.35372000000000003, 0.34740000000000004]",../tutorials/data/ising_zne_hardware/100q_brisbane/step_02_J25.pk
"[-0.36592, -0.44910000000000005, -0.32528, -0.42384000000000005, -0.33036]","[-0.26968000000000003, -0.33236000000000004, -0.22876000000000002, -0.30616000000000004, -0.26632]",../tutorials/data/ising_zne_hardware/100q_brisbane/step_02_J26.pk
"[0.22392, 0.13000000000000006, 0.19829999999999998, 0.19385999999999998, 0.18546]","[0.22132000000000002, 0.11024000000000003, 0.13355999999999998, 0.18275999999999998, 0.1658]",../tutorials/data/ising_zne_hardware/100q_brisbane/step_02_J27.pk
"[0.32380000000000003, 0.26924, 0.29763999999999996, 0.304, 0.32072]","[0.29192, 0.24428, 0.25423999999999997, 0.26536, 0.28164]",../tutorials/data/ising_zne_hardware/100q_brisbane/step_02_J28.pk
"[-0.4715800000000001, -0.5889800000000001, -0.5930799999999999, -0.55024, -0.5134799999999999]","[-0.37616000000000005, -0.42744, -0.46524, -0.44208, -0.39508]",../tutorials/data/ising_zne_hardware/100q_brisbane/step_02_J29.pk
"[0.28552, 0.32001999999999997, 0.3224600000000001, 0.2764399999999999, 0.3171800000000001]","[0.25604, 0.24164, 0.29800000000000004, 0.21167999999999995, 0.30000000000000004]",../tutorials/data/ising_zne_hardware/100q_brisbane/step_02_J30.pk
"[-0.38161999999999996, -0.50546, -0.49435999999999997, -0.4075, -0.42424]","[-0.26008, -0.43892, -0.35672, -0.30156, -0.2832]",../tutorials/data/ising_zne_hardware/100q_brisbane/step_02_J31.pk
"[-0.5614600000000001, -0.55366, -0.52882, -0.57006, -0.5958999999999999]","[-0.39984000000000003, -0.42392, -0.41387999999999997, -0.41328000000000004, -0.47203999999999996]",../tutorials/data/ising_zne_hardware/100q_brisbane/step_02_J32.pk
"[0.25632, 0.15905999999999998, 0.25755999999999996, 0.27402000000000004, 0.24702000000000002]","[0.20815999999999998, 0.11535999999999999, 0.22799999999999998, 0.2564, 0.20812]",../tutorials/data/ising_zne_hardware/100q_brisbane/step_02_J33.pk
"[0.2700199999999999, 0.23096, 0.24966000000000005, 0.23390000000000002, 0.22082000000000002]","[0.2512, 0.21124, 0.24216000000000001, 0.20072, 0.24452000000000002]",../tutorials/data/ising_zne_hardware/100q_brisbane/step_02_J34.pk
"[0.38368, 0.37126, 0.4216, 0.37904000000000004, 0.39468000000000003]","[0.35084000000000004, 0.3102, 0.35356, 0.33128, 0.3276]",../tutorials/data/ising_zne_hardware/100q_brisbane/step_02_J35.pk
"[-0.25950000000000006, -0.22912, -0.26666, -0.25544, -0.18596]","[-0.19268000000000002, -0.15752, -0.19064, -0.251, -0.09967999999999999]",../tutorials/data/ising_zne_hardware/100q_brisbane/step_02_J36.pk
"[-0.5328, -0.5446600000000001, -0.51146, -0.5513799999999999, -0.6022000000000001]","[-0.36516000000000004, -0.40048000000000006, -0.39904, -0.40295999999999993, -0.46596000000000004]",../tutorials/data/ising_zne_hardware/100q_brisbane/step_02_J37.pk
"[0.40232, 0.38618, 0.36368, 0.35135999999999995, 0.39149999999999996]","[0.32904, 0.31052, 0.30212, 0.33252, 0.30688]",../tutorials/data/ising_zne_hardware/100q_brisbane/step_02_J38.pk
"[0.055959999999999996, 0.07146000000000002, 0.003079999999999996, 0.027599999999999993, 0.06666]","[0.05624, 0.06648000000000001, 0.02328, 0.02632, 0.0754]",../tutorials/data/ising_zne_hardware/100q_brisbane/step_02_J39.pk
"[-0.4936, -0.5172000000000001, -0.48860000000000003, -0.5073, -0.45087999999999995]","[-0.35684, -0.44352, -0.3718, -0.38964, -0.3616]",../tutorials/data/ising_zne_hardware/100q_brisbane/step_02_J40.pk
"[0.15572, 0.14514, 0.20298000000000002, 0.16862, 0.07372000000000001]","[0.17744, 0.14016, 0.16592, 0.1754, 0.027880000000000005]",../tutorials/data/ising_zne_hardware/100q_brisbane/step_02_J41.pk
"[-0.50786, -0.5867399999999999, -0.57658, -0.5544, -0.52194]","[-0.38164, -0.42591999999999997, -0.48464, -0.48784, -0.45304]",../tutorials/data/ising_zne_hardware/100q_brisbane/step_02_J42.pk
"[0.3783000000000001, 0.29118, 0.31048000000000003, 0.33021999999999996, 0.28152]","[0.31260000000000004, 0.26676, 0.24464000000000002, 0.33036, 0.23632]",../tutorials/data/ising_zne_hardware/100q_brisbane/step_02_J43.pk
"[-0.32466, -0.28462, -0.33192000000000005, -0.35773999999999995, -0.32474000000000003]","[-0.20892, -0.20656, -0.26708000000000004, -0.26836, -0.27476]",../tutorials/data/ising_zne_hardware/100q_brisbane/step_02_J44.pk
"[0.40712000000000004, 0.35585999999999995, 0.32798, 0.40754, 0.31284]","[0.32412, 0.288, 0.301, 0.3612, 0.25324]",../tutorials/data/ising_zne_hardware/100q_brisbane/step_02_J45.pk
"[-0.3627799999999999, -0.12290000000000001, -0.19986, -0.29241999999999996, -0.28774]","[-0.28735999999999995, -0.0994, -0.10016, -0.22111999999999998, -0.21783999999999998]",../tutorials/data/ising_zne_hardware/100q_brisbane/step_02_J46.pk
"[0.22524, 0.21411999999999998, 0.11818000000000002, 0.21766, 0.20921999999999996]","[0.14976, 0.18803999999999998, 0.09024000000000001, 0.19352, 0.16176]",../tutorials/data/ising_zne_hardware/100q_brisbane/step_02_J47.pk
"[0.21198, 0.25186, 0.15058, 0.23348000000000002, 0.22934000000000002]","[0.17484, 0.2186, 0.11756, 0.19404000000000002, 0.19336]",../tutorials/data/ising_zne_hardware/100q_brisbane/step_02_J48.pk
"[-0.39622, -0.41174, -0.3887799999999999, -0.4294800000000001, -0.49773999999999996]","[-0.30828, -0.31356, -0.32599999999999996, -0.3274, -0.38236]",../tutorials/data/ising_zne_hardware/100q_brisbane/step_02_J49.pk
"[-0.09059999999999997, 0.0019000000000000024, -0.009740000000000006, 0.10912000000000001, -0.016539999999999996]","[-0.14035999999999998, 0.019440000000000002, -0.0009600000000000053, 0.08164, 0.0029200000000000033]",../tutorials/data/ising_zne_hardware/100q_brisbane/step_03_J00.pk
"[-0.17201999999999998, -0.1372, -0.07755999999999999, -0.12318000000000003, -0.12767999999999996]","[-0.16055999999999998, -0.11556, -0.06624, -0.10312000000000002, -0.12791999999999998]",../tutorials/data/ising_zne_hardware/100q_brisbane/step_03_J01.pk
"[-0.22892, -0.30079999999999996, -0.24880000000000002, -0.24763999999999997, -0.3023]","[-0.19272, -0.24903999999999998, -0.19472, -0.22676, -0.2468]",../tutorials/data/ising_zne_hardware/100q_brisbane/step_03_J02.pk
"[-0.17670000000000002, -0.21993999999999997, -0.20229999999999998, -0.16024, -0.16499999999999998]","[-0.13796000000000003, -0.19219999999999998, -0.16948, -0.12048, -0.14135999999999999]",../tutorials/data/ising_zne_hardware/100q_brisbane/step_03_J03.pk
"[0.6779599999999998, 0.8205, 0.7336800000000001, 0.7209000000000001, 0.7891]","[0.5395999999999999, 0.61608, 0.54512, 0.5242800000000001, 0.63632]",../tutorials/data/ising_zne_hardware/100q_brisbane/step_03_J04.pk
"[0.7198399999999999, 0.8293200000000001, 0.7055200000000003, 0.7747200000000001, 0.6933799999999999]","[0.54324, 0.57728, 0.5248000000000002, 0.54144, 0.53648]",../tutorials/data/ising_zne_hardware/100q_brisbane/step_03_J05.pk
"[0.9503999999999999, 0.9590399999999999, 0.8977799999999999, 0.9620599999999999, 0.8731199999999999]","[0.68136, 0.63928, 0.6790799999999999, 0.64908, 0.6476]",../tutorials/data/ising_zne_hardware/100q_brisbane/step_03_J06.pk
"[-0.1617, -0.23411999999999997, -0.20562000000000002, -0.22674000000000002, -0.22162000000000004]","[-0.11332, -0.21427999999999997, -0.16548000000000002, -0.18624000000000002, -0.16920000000000002]",../tutorials/data/ising_zne_hardware/100q_brisbane/step_03_J07.pk
"[-0.13962000000000002, -0.1443, -0.17859999999999998, -0.17782000000000003, -0.17772]","[-0.13544, -0.11464, -0.14808, -0.12852000000000002, -0.14332]",../tutorials/data/ising_zne_hardware/100q_brisbane/step_03_J08.pk
"[-0.22907999999999995, -0.26038, -0.21338000000000004, -0.27178, -0.30666]","[-0.18219999999999997, -0.21248, -0.17964000000000002, -0.193, -0.23148]",../tutorials/data/ising_zne_hardware/100q_brisbane/step_03_J09.pk
"[1.0078799999999999, 1.02908, 0.91806, 0.9845400000000003, 1.0089999999999997]","[0.66236, 0.72776, 0.70536, 0.7946000000000002, 0.8171199999999998]",../tutorials/data/ising_zne_hardware/100q_brisbane/step_03_J10.pk
"[-0.12423999999999996, -0.12676, -0.06808, -0.17374, -0.12170000000000002]","[-0.12863999999999998, -0.0888, -0.04008, -0.12408, -0.07096000000000001]",../tutorials/data/ising_zne_hardware/100q_brisbane/step_03_J11.pk
"[-0.26308, -0.23022000000000004, -0.2599, -0.24922000000000002, -0.24750000000000003]","[-0.20552, -0.20372000000000004, -0.22736, -0.20184000000000002, -0.17992000000000002]",../tutorials/data/ising_zne_hardware/100q_brisbane/step_03_J12.pk
"[0.5887399999999999, 0.6493, 0.69502, 0.6557799999999999, 0.5267799999999999]","[0.44639999999999996, 0.50108, 0.52132, 0.51384, 0.40275999999999995]",../tutorials/data/ising_zne_hardware/100q_brisbane/step_03_J13.pk
"[0.7175800000000001, 0.68608, 0.8067599999999999, 0.70536, 0.6913400000000001]","[0.5601200000000001, 0.47856000000000004, 0.56204, 0.53172, 0.49548000000000003]",../tutorials/data/ising_zne_hardware/100q_brisbane/step_03_J14.pk
"[0.58762, 0.5631600000000001, 0.7565200000000001, 0.73904, 0.64912]","[0.39176, 0.43748000000000004, 0.53644, 0.61792, 0.43952]",../tutorials/data/ising_zne_hardware/100q_brisbane/step_03_J15.pk
"[0.34278000000000003, 0.28308, 0.32101999999999997, 0.36626000000000003, 0.41114]","[0.25324, 0.13899999999999998, 0.24272, 0.268, 0.31416]",../tutorials/data/ising_zne_hardware/100q_brisbane/step_03_J16.pk
"[0.01445999999999998, -0.05661999999999999, -0.002059999999999996, -0.06628000000000002, -0.09246]","[-0.0364, -0.07404, -0.01868, -0.05728000000000001, -0.1212]",../tutorials/data/ising_zne_hardware/100q_brisbane/step_03_J17.pk
"[0.09442, 0.0877, 0.057260000000000005, 0.09340000000000001, 0.11946]","[0.05840000000000001, 0.053239999999999996, 0.017400000000000002, 0.043680000000000004, 0.10264]",../tutorials/data/ising_zne_hardware/100q_brisbane/step_03_J18.pk
"[0.37246, 0.28697999999999996, 0.46351999999999993, 0.49492, 0.39128]","[0.28408, 0.15643999999999997, 0.38783999999999996, 0.33988, 0.261]",../tutorials/data/ising_zne_hardware/100q_brisbane/step_03_J19.pk
"[-0.18016, -0.20440000000000003, -0.1759, -0.17115999999999998, -0.2514]","[-0.16668, -0.1708, -0.16536, -0.16255999999999998, -0.22492]",../tutorials/data/ising_zne_hardware/100q_brisbane/step_03_J20.pk
"[0.7245799999999998, 0.8534999999999999, 0.82374, 0.7411599999999999, 0.8052599999999999]","[0.5159999999999999, 0.63628, 0.61236, 0.5164799999999999, 0.5906399999999999]",../tutorials/data/ising_zne_hardware/100q_brisbane/step_03_J21.pk
"[0.40452000000000005, 0.45738, 0.45832000000000006, 0.43593999999999994, 0.4225399999999999]","[0.37192000000000003, 0.3612, 0.36916000000000004, 0.34287999999999996, 0.32387999999999995]",../tutorials/data/ising_zne_hardware/100q_brisbane/step_03_J22.pk
"[0.21647999999999995, 0.19196000000000002, 0.24444, 0.20981999999999998, 0.19841999999999999]","[0.10423999999999997, 0.15904000000000001, 0.18531999999999998, 0.143, 0.146]",../tutorials/data/ising_zne_hardware/100q_brisbane/step_03_J23.pk
"[0.03899999999999999, 0.07035999999999999, 0.023300000000000008, 0.035239999999999994, 0.10328000000000001]","[0.04756, 0.05636, -0.014839999999999997, 0.018039999999999997, 0.0844]",../tutorials/data/ising_zne_hardware/100q_brisbane/step_03_J24.pk
"[-0.26733999999999997, -0.29322000000000004, -0.26502, -0.27476, -0.20684000000000002]","[-0.22591999999999998, -0.22148000000000004, -0.22696, -0.23364, -0.20524]",../tutorials/data/ising_zne_hardware/100q_brisbane/step_03_J25.pk
"[0.65234, 0.7337200000000001, 0.68208, 0.60448, 0.6677199999999999]","[0.46328, 0.5488000000000001, 0.48912000000000005, 0.46196000000000004, 0.49051999999999996]",../tutorials/data/ising_zne_hardware/100q_brisbane/step_03_J26.pk
"[-0.12668000000000001, -0.12084, -0.06032, 0.028299999999999995, 0.029480000000000003]","[-0.12052, -0.09672, -0.03328, 0.028839999999999998, 0.027800000000000002]",../tutorials/data/ising_zne_hardware/100q_brisbane/step_03_J27.pk
"[-0.13717999999999997, -0.21556, -0.19286, -0.15683999999999998, -0.12715999999999997]","[-0.11091999999999998, -0.15536, -0.16244, -0.13132, -0.10535999999999998]",../tutorials/data/ising_zne_hardware/100q_brisbane/step_03_J28.pk
"[0.8977200000000001, 0.9162800000000001, 0.93508, 0.9151199999999999, 0.9651]","[0.65288, 0.673, 0.70248, 0.6893199999999999, 0.69868]",../tutorials/data/ising_zne_hardware/100q_brisbane/step_03_J29.pk
"[-0.21554, -0.20915999999999998, -0.1918, -0.20501999999999998, -0.18344]","[-0.19288, -0.15208, -0.13524, -0.15539999999999998, -0.15988]",../tutorials/data/ising_zne_hardware/100q_brisbane/step_03_J30.pk
"[0.73422, 0.6778199999999999, 0.6468799999999999, 0.6714600000000001, 0.71878]","[0.59368, 0.5200799999999999, 0.50196, 0.5264800000000001, 0.54296]",../tutorials/data/ising_zne_hardware/100q_brisbane/step_03_J31.pk
"[0.9402599999999999, 0.9275599999999999, 0.9654399999999999, 0.9477199999999999, 0.8860000000000001]","[0.68724, 0.7212799999999999, 0.7304799999999999, 0.75108, 0.6030800000000001]",../tutorials/data/ising_zne_hardware/100q_brisbane/step_03_J32.pk
"[-0.12550000000000003, -0.16667999999999997, -0.27046, -0.19142, -0.19623999999999994]","[-0.12376000000000001, -0.13635999999999998, -0.23432, -0.13236, -0.15343999999999997]",../tutorials/data/ising_zne_hardware/100q_brisbane/step_03_J33.pk
"[-0.20425999999999994, -0.08964000000000001, -0.13359999999999997, -0.17308, -0.15402]","[-0.19503999999999996, -0.10244, -0.13191999999999998, -0.16688, -0.1326]",../tutorials/data/ising_zne_hardware/100q_brisbane/step_03_J34.pk
"[-0.28779999999999994, -0.2990600000000001, -0.26974000000000004, -0.2911, -0.23145999999999997]","[-0.23159999999999997, -0.25216000000000005, -0.23972000000000002, -0.23596, -0.17823999999999998]",../tutorials/data/ising_zne_hardware/100q_brisbane/step_03_J35.pk
"[0.40982, 0.32848, 0.3724200000000001, 0.41512, 0.3404600000000001]","[0.31796, 0.20659999999999998, 0.30744000000000005, 0.29228, 0.27768000000000004]",../tutorials/data/ising_zne_hardware/100q_brisbane/step_03_J36.pk
"[0.8305200000000001, 0.9121199999999999, 0.9056000000000001, 0.8982200000000002, 0.9026399999999999]","[0.6417200000000001, 0.695, 0.73384, 0.6367600000000001, 0.6603999999999999]",../tutorials/data/ising_zne_hardware/100q_brisbane/step_03_J37.pk
"[-0.21681999999999996, -0.25122, -0.26236, -0.26748, -0.26966]","[-0.19171999999999997, -0.20644, -0.24991999999999998, -0.19963999999999998, -0.18508]",../tutorials/data/ising_zne_hardware/100q_brisbane/step_03_J38.pk
"[0.04504, 0.022740000000000003, 0.16227999999999998, 0.15164000000000002, 0.14845999999999998]","[0.012480000000000002, -0.0015599999999999976, 0.0954, 0.09340000000000001, 0.12516]",../tutorials/data/ising_zne_hardware/100q_brisbane/step_03_J39.pk
"[0.9231400000000001, 0.95246, 0.79322, 0.8951600000000002, 0.84828]","[0.6287200000000001, 0.6968, 0.55556, 0.6664000000000001, 0.64332]",../tutorials/data/ising_zne_hardware/100q_brisbane/step_03_J40.pk
"[-0.05202, -0.04228, -0.0017599999999999985, 0.002659999999999999, -0.035679999999999996]","[-0.03764, -0.03296, -0.006199999999999999, -0.01916, -0.0005599999999999994]",../tutorials/data/ising_zne_hardware/100q_brisbane/step_03_J41.pk
"[0.9525199999999999, 0.9482999999999998, 0.9177199999999999, 0.9308400000000001, 1.01154]","[0.74552, 0.6821599999999999, 0.69756, 0.7146800000000001, 0.7438]",../tutorials/data/ising_zne_hardware/100q_brisbane/step_03_J42.pk
"[-0.21220000000000006, -0.10625999999999997, -0.19944, -0.17418, -0.2289]","[-0.16416000000000003, -0.08387999999999998, -0.14848, -0.15056, -0.18612]",../tutorials/data/ising_zne_hardware/100q_brisbane/step_03_J43.pk
"[0.40764, 0.5068, 0.45746, 0.49560000000000004, 0.45919999999999994]","[0.26864, 0.39672, 0.36456, 0.37104000000000004, 0.33599999999999997]",../tutorials/data/ising_zne_hardware/100q_brisbane/step_03_J44.pk
"[-0.21763999999999997, -0.18686000000000003, -0.16346, -0.25598, -0.21194000000000002]","[-0.16712, -0.13576000000000002, -0.09868, -0.20308, -0.18856]",../tutorials/data/ising_zne_hardware/100q_brisbane/step_03_J45.pk
"[0.37402, 0.31756000000000006, 0.32974000000000003, 0.3555400000000001, 0.29118]","[0.29704, 0.29256000000000004, 0.28392, 0.28728000000000004, 0.17168]",../tutorials/data/ising_zne_hardware/100q_brisbane/step_03_J46.pk
"[-0.07734000000000002, -0.11195999999999999, 0.024980000000000006, 0.02276, -0.06653999999999999]","[-0.09240000000000001, -0.08227999999999999, 0.0454, -0.009839999999999998, -0.06644]",../tutorials/data/ising_zne_hardware/100q_brisbane/step_03_J47.pk
"[-0.10841999999999999, -0.10588, -0.09172000000000001, -0.19705999999999999, -0.10936]","[-0.1426, -0.11856, -0.08216000000000001, -0.1644, -0.0968]",../tutorials/data/ising_zne_hardware/100q_brisbane/step_03_J48.pk
"[0.6847399999999999, 0.74934, 0.6239999999999999, 0.6640199999999999, 0.6586000000000001]","[0.55636, 0.55416, 0.41963999999999996, 0.48919999999999997, 0.48036]",../tutorials/data/ising_zne_hardware/100q_brisbane/step_03_J49.pk
"[0.99098, 0.9578200000000001, 0.9700000000000001, 0.9498600000000001, 0.9701199999999999]","[0.76044, 0.78668, 0.73116, 0.7572400000000001, 0.7825599999999999]",../tutorials/data/ising_zne_hardware/100q_brisbane/step_04_J00.pk
"[0.10907999999999998, 0.03359999999999999, 0.07341999999999999, 0.06612, 0.047779999999999996]","[0.08635999999999999, 0.038079999999999996, 0.041159999999999995, 0.05624, 0.032799999999999996]",../tutorials/data/ising_zne_hardware/100q_brisbane/step_04_J01.pk
"[0.16918000000000005, 0.13406, 0.14982, 0.16312000000000001, 0.17915999999999999]","[0.12608000000000003, 0.09892000000000001, 0.11084000000000001, 0.11668, 0.12996]",../tutorials/data/ising_zne_hardware/100q_brisbane/step_04_J02.pk
"[0.07488, 0.10233999999999999, 0.11620000000000001, 0.11548, 0.08526]","[0.05288, 0.09272, 0.08904000000000001, 0.09364, 0.07548]",../tutorials/data/ising_zne_hardware/100q_brisbane/step_04_J03.pk
"[-0.26864, -0.27572, -0.36846, -0.31190000000000007, -0.35131999999999997]","[-0.1884, -0.19740000000000002, -0.29836, -0.23376000000000002, -0.27176]",../tutorials/data/ising_zne_hardware/100q_brisbane/step_04_J04.pk
"[-0.3770799999999999, -0.18910000000000002, -0.38136000000000003, -0.34872, -0.24889999999999995]","[-0.35295999999999994, -0.14452, -0.28348, -0.29932, -0.22591999999999998]",../tutorials/data/ising_zne_hardware/100q_brisbane/step_04_J05.pk
"[-0.39929999999999993, -0.34132, -0.38119999999999993, -0.27562000000000003, -0.38042]","[-0.30579999999999996, -0.29336, -0.32555999999999996, -0.18852000000000002, -0.3598]",../tutorials/data/ising_zne_hardware/100q_brisbane/step_04_J06.pk
"[0.10691999999999999, 0.14104, 0.14876, 0.12716, 0.14356]","[0.06716, 0.11612, 0.12664, 0.09768, 0.11272]",../tutorials/data/ising_zne_hardware/100q_brisbane/step_04_J07.pk
"[0.09947999999999999, 0.09972, 0.10244000000000002, 0.10650000000000001, 0.06348000000000001]","[0.08012, 0.06664, 0.08076000000000001, 0.0782, 0.0526]",../tutorials/data/ising_zne_hardware/100q_brisbane/step_04_J08.pk
"[0.14023999999999998, 0.16269999999999998, 0.13621999999999998, 0.12067999999999998, 0.1388]","[0.10007999999999999, 0.11764, 0.10251999999999999, 0.07851999999999999, 0.12256]",../tutorials/data/ising_zne_hardware/100q_brisbane/step_04_J09.pk
"[-0.29925999999999997, -0.2397, -0.52826, -0.42399999999999993, -0.35148]","[-0.21867999999999999, -0.2004, -0.4048, -0.33399999999999996, -0.27376]",../tutorials/data/ising_zne_hardware/100q_brisbane/step_04_J10.pk
"[0.0558, 0.07363999999999998, 0.03319999999999999, 0.04991999999999999, 0.03731999999999999]","[0.04292, 0.040639999999999996, 0.03507999999999999, 0.04515999999999999, 0.025159999999999995]",../tutorials/data/ising_zne_hardware/100q_brisbane/step_04_J11.pk
"[0.16323999999999997, 0.18116, 0.19262, 0.14579999999999999, 0.15854000000000001]","[0.11787999999999998, 0.13812, 0.15016000000000002, 0.10995999999999999, 0.11188000000000001]",../tutorials/data/ising_zne_hardware/100q_brisbane/step_04_J12.pk
"[-0.36940000000000006, -0.3091, -0.26276, -0.36369999999999997, -0.28146]","[-0.27224000000000004, -0.25104, -0.19296, -0.2694, -0.22268]",../tutorials/data/ising_zne_hardware/100q_brisbane/step_04_J13.pk
"[-0.33053999999999994, -0.21966000000000002, -0.21745999999999996, -0.34542, -0.16562]","[-0.28156, -0.21612, -0.17275999999999997, -0.26404, -0.12552]",../tutorials/data/ising_zne_hardware/100q_brisbane/step_04_J14.pk
"[-0.40326, -0.25718, -0.3166, -0.26977999999999996, -0.23490000000000003]","[-0.34236, -0.23108, -0.24939999999999998, -0.21896, -0.19732000000000002]",../tutorials/data/ising_zne_hardware/100q_brisbane/step_04_J15.pk
"[-0.14059999999999997, -0.2837, -0.18934, -0.17548, -0.23066]","[-0.10347999999999999, -0.24476, -0.16820000000000002, -0.15136, -0.1872]",../tutorials/data/ising_zne_hardware/100q_brisbane/step_04_J16.pk
"[0.026860000000000002, 0.049640000000000004, 0.011119999999999998, 0.05038000000000001, 0.023899999999999998]","[0.0068000000000000005, 0.04216, 0.01492, 0.04628000000000001, 0.02036]",../tutorials/data/ising_zne_hardware/100q_brisbane/step_04_J17.pk
"[-0.06984, -0.0605, -0.034120000000000004, -0.1072, -0.06136]","[-0.05532, -0.03644, -0.007440000000000002, -0.08976, -0.03272]",../tutorials/data/ising_zne_hardware/100q_brisbane/step_04_J18.pk
"[-0.15811999999999998, -0.23692000000000002, -0.23252, -0.18468000000000004, -0.14681999999999998]","[-0.11199999999999999, -0.19788, -0.18344, -0.15072000000000002, -0.12079999999999999]",../tutorials/data/ising_zne_hardware/100q_brisbane/step_04_J19.pk
"[0.0346, 0.07245999999999998, 0.03835999999999999, 0.07171999999999999, 0.13818]","[0.04668, 0.06903999999999999, 0.015919999999999997, 0.0628, 0.10088]",../tutorials/data/ising_zne_hardware/100q_brisbane/step_04_J20.pk
"[-0.34716, -0.20984000000000003, -0.28064000000000006, -0.30672, -0.27941999999999995]","[-0.26924000000000003, -0.17004000000000002, -0.18636000000000003, -0.25851999999999997, -0.27771999999999997]",../tutorials/data/ising_zne_hardware/100q_brisbane/step_04_J21.pk
"[-0.20104, -0.16542, -0.21040000000000003, -0.15538000000000002, -0.14608000000000002]","[-0.18164, -0.12996000000000002, -0.18704, -0.1066, -0.10272]",../tutorials/data/ising_zne_hardware/100q_brisbane/step_04_J22.pk
"[-0.1753, -0.11904, -0.1964, -0.11212, -0.17042]","[-0.15004, -0.09092, -0.16008, -0.11492, -0.11783999999999999]",../tutorials/data/ising_zne_hardware/100q_brisbane/step_04_J23.pk
"[-0.017280000000000007, -0.029179999999999998, -0.0068, -0.018179999999999998, -0.04194]","[-0.022920000000000003, -0.03512, -0.00916, -0.015799999999999998, -0.02744]",../tutorials/data/ising_zne_hardware/100q_brisbane/step_04_J24.pk
"[0.12372000000000001, 0.13254, 0.1597, 0.1674, 0.14948]","[0.09456, 0.1026, 0.1432, 0.11816, 0.11108]",../tutorials/data/ising_zne_hardware/100q_brisbane/step_04_J25.pk
"[-0.35192, -0.25036, -0.22334000000000004, -0.14026000000000005, -0.26174]","[-0.31856, -0.19156, -0.17064000000000001, -0.11956000000000003, -0.20196]",../tutorials/data/ising_zne_hardware/100q_brisbane/step_04_J26.pk
"[-0.0007799999999999999, 0.009580000000000002, 0.019679999999999996, -0.012919999999999997, 0.0016000000000000007]","[0.00352, 0.010920000000000001, 0.013679999999999998, 0.00424, 0.00936]",../tutorials/data/ising_zne_hardware/100q_brisbane/step_04_J27.pk
"[0.08687999999999999, 0.05464, 0.09320000000000002, 0.08571999999999999, 0.07846]","[0.07443999999999999, 0.03812, 0.06744000000000001, 0.07239999999999999, 0.05116]",../tutorials/data/ising_zne_hardware/100q_brisbane/step_04_J28.pk
"[-0.35848, -0.36714, -0.5341600000000001, -0.29466, -0.37476]","[-0.31148000000000003, -0.3028, -0.43268000000000006, -0.22271999999999997, -0.30428]",../tutorials/data/ising_zne_hardware/100q_brisbane/step_04_J29.pk
"[0.04126, 0.07032, 0.081, 0.07296, 0.07718]","[0.024, 0.0644, 0.06196, 0.052759999999999994, 0.07304]",../tutorials/data/ising_zne_hardware/100q_brisbane/step_04_J30.pk
"[-0.2623399999999999, -0.26944, -0.26693999999999996, -0.26866, -0.31526000000000004]","[-0.23063999999999996, -0.23148, -0.20572, -0.2166, -0.25884]",../tutorials/data/ising_zne_hardware/100q_brisbane/step_04_J31.pk
"[-0.27842000000000006, -0.37373999999999996, -0.30288000000000004, -0.39698000000000006, -0.21992]","[-0.23552000000000003, -0.30904, -0.26972, -0.31824, -0.19488]",../tutorials/data/ising_zne_hardware/100q_brisbane/step_04_J32.pk
"[0.06546, 0.05462, 0.10370000000000001, 0.09356, 0.054660000000000014]","[0.04496, 0.038400000000000004, 0.09528, 0.06976, 0.04240000000000001]",../tutorials/data/ising_zne_hardware/100q_brisbane/step_04_J33.pk
"[0.07374000000000001, 0.02735999999999999, 0.05228000000000002, 0.05494, 0.05403999999999999]","[0.04948000000000001, 0.025959999999999993, 0.04364000000000001, 0.03656, 0.030479999999999997]",../tutorials/data/ising_zne_hardware/100q_brisbane/step_04_J34.pk
"[0.19678, 0.11463999999999998, 0.14978, 0.13458000000000003, 0.1326]","[0.13756000000000002, 0.07871999999999998, 0.11516, 0.09908000000000002, 0.09863999999999999]",../tutorials/data/ising_zne_hardware/100q_brisbane/step_04_J35.pk
"[-0.14626000000000003, -0.19844000000000003, -0.22161999999999998, -0.14576, -0.14343999999999998]","[-0.12832000000000002, -0.19252000000000002, -0.17076, -0.11652, -0.10459999999999998]",../tutorials/data/ising_zne_hardware/100q_brisbane/step_04_J36.pk
"[-0.32639999999999997, -0.30816, -0.35408, -0.35889999999999994, -0.50278]","[-0.25492, -0.2082, -0.29312, -0.30419999999999997, -0.40784000000000004]",../tutorials/data/ising_zne_hardware/100q_brisbane/step_04_J37.pk
"[0.11056, 0.12976, 0.13326, 0.12152, 0.15446]","[0.07996, 0.0814, 0.11452, 0.09872, 0.12]",../tutorials/data/ising_zne_hardware/100q_brisbane/step_04_J38.pk
"[-0.06064, -0.07396, -0.0388, -0.05376, -0.058699999999999995]","[-0.04836, -0.07368, -0.0344, -0.05532, -0.04244]",../tutorials/data/ising_zne_hardware/100q_brisbane/step_04_J39.pk
"[-0.33256, -0.1595, -0.28236000000000006, -0.39046000000000003, -0.27382]","[-0.25568, -0.10816, -0.23876000000000003, -0.34984000000000004, -0.20576]",../tutorials/data/ising_zne_hardware/100q_brisbane/step_04_J40.pk
"[0.01176, -0.02564, -0.003939999999999999, -0.009860000000000002, -0.030500000000000006]","[0.011, -0.03372, -0.00712, -0.008480000000000001, -0.026480000000000004]",../tutorials/data/ising_zne_hardware/100q_brisbane/step_04_J41.pk
"[-0.40942, -0.29916, -0.27971999999999997, -0.28618, -0.50522]","[-0.3254, -0.18771999999999997, -0.24084, -0.25516, -0.36107999999999996]",../tutorials/data/ising_zne_hardware/100q_brisbane/step_04_J42.pk
"[0.1325, 0.11431999999999999, 0.11624000000000001, 0.11986, 0.12222000000000001]","[0.11376, 0.08299999999999999, 0.08804000000000001, 0.1002, 0.09052]",../tutorials/data/ising_zne_hardware/100q_brisbane/step_04_J43.pk
"[-0.2234, -0.18125999999999998, -0.23296, -0.18522, -0.16838]","[-0.18156, -0.13976, -0.1762, -0.1278, -0.13424]",../tutorials/data/ising_zne_hardware/100q_brisbane/step_04_J44.pk
"[0.09848000000000001, 0.10593999999999999, 0.10676, 0.12088, 0.11139999999999999]","[0.08164, 0.07268, 0.0812, 0.09432, 0.08535999999999999]",../tutorials/data/ising_zne_hardware/100q_brisbane/step_04_J45.pk
"[-0.043579999999999994, -0.13668, -0.16531999999999997, -0.15453999999999996, -0.14032]","[-0.0294, -0.09772, -0.13576, -0.15275999999999998, -0.11264]",../tutorials/data/ising_zne_hardware/100q_brisbane/step_04_J46.pk
"[-0.01086, 0.04479999999999998, -0.01068, 0.06894, 0.03856]","[-0.0027600000000000003, 0.05251999999999999, -0.01664, 0.040600000000000004, 0.0184]",../tutorials/data/ising_zne_hardware/100q_brisbane/step_04_J47.pk
"[0.015319999999999999, 0.021779999999999994, 0.06385999999999999, 0.08252, 0.010819999999999996]","[0.01228, 0.026999999999999996, 0.056519999999999994, 0.056679999999999994, 0.008559999999999998]",../tutorials/data/ising_zne_hardware/100q_brisbane/step_04_J48.pk
"[-0.39408, -0.33107999999999993, -0.28944000000000003, -0.17578000000000005, -0.25995999999999997]","[-0.32552, -0.25823999999999997, -0.20796, -0.12652000000000002, -0.24303999999999998]",../tutorials/data/ising_zne_hardware/100q_brisbane/step_04_J49.pk
"[-0.02818000000000001, -0.05548, 0.10632, 0.0951, 0.018120000000000004]","[-0.009280000000000002, -0.04676, 0.058399999999999994, 0.08604, 0.010360000000000003]",../tutorials/data/ising_zne_hardware/100q_brisbane/step_05_J00.pk
"[-0.05034000000000001, -0.012959999999999996, -0.06834000000000001, -0.0009399999999999981, 0.02855999999999999]","[-0.04184, -0.02284, -0.056600000000000004, -0.013079999999999998, 0.007359999999999994]",../tutorials/data/ising_zne_hardware/100q_brisbane/step_05_J01.pk
"[-0.09019999999999999, -0.08462000000000001, -0.13964000000000001, -0.07706000000000002, -0.10875999999999998]","[-0.06235999999999999, -0.07816000000000001, -0.10788, -0.06992000000000001, -0.08471999999999999]",../tutorials/data/ising_zne_hardware/100q_brisbane/step_05_J02.pk
"[-0.07187999999999999, -0.047299999999999995, -0.045540000000000004, -0.05956, -0.12259999999999999]","[-0.05947999999999999, -0.046239999999999996, -0.0432, -0.04948, -0.08688]",../tutorials/data/ising_zne_hardware/100q_brisbane/step_05_J03.pk
"[-0.28636, 0.008279999999999985, -0.24738000000000002, -0.28946000000000005, -0.20118]","[-0.23552, -0.009160000000000012, -0.17536000000000002, -0.24208000000000002, -0.13904]",../tutorials/data/ising_zne_hardware/100q_brisbane/step_05_J04.pk
"[-0.20676000000000003, -0.0948, 0.12564, -0.08244000000000001, -0.27378]","[-0.16204000000000002, -0.09804, 0.083, -0.08380000000000001, -0.16124]",../tutorials/data/ising_zne_hardware/100q_brisbane/step_05_J05.pk
"[-0.5007, -0.53322, -0.44862, -0.45538, -0.412]","[-0.34872000000000003, -0.36808, -0.34024, -0.28464, -0.30572]",../tutorials/data/ising_zne_hardware/100q_brisbane/step_05_J06.pk
"[-0.10288000000000001, -0.04398, -0.07082000000000001, -0.023880000000000012, -0.06456]","[-0.07780000000000001, -0.04364, -0.050960000000000005, -0.037720000000000004, -0.06028]",../tutorials/data/ising_zne_hardware/100q_brisbane/step_05_J07.pk
"[-0.10646000000000001, -0.07464000000000001, -0.030419999999999992, -0.0557, -0.04565999999999999]","[-0.08864000000000001, -0.06376000000000001, -0.026759999999999996, -0.04224, -0.04228]",../tutorials/data/ising_zne_hardware/100q_brisbane/step_05_J08.pk
"[-0.11313999999999999, -0.06842000000000001, -0.05036, -0.08709999999999998, -0.11091999999999999]","[-0.08503999999999999, -0.05836, -0.0514, -0.06395999999999999, -0.091]",../tutorials/data/ising_zne_hardware/100q_brisbane/step_05_J09.pk
"[-0.40207999999999994, -0.58438, -0.5639000000000001, -0.6521600000000001, -0.49072000000000005]","[-0.28487999999999997, -0.44776, -0.41608, -0.4378, -0.36136]",../tutorials/data/ising_zne_hardware/100q_brisbane/step_05_J10.pk
"[0.04066, -0.0017599999999999977, -0.026499999999999996, -0.06576, -0.04340000000000001]","[0.018000000000000002, -0.006159999999999999, -0.03476, -0.0576, -0.03644000000000001]",../tutorials/data/ising_zne_hardware/100q_brisbane/step_05_J11.pk
"[-0.05252, -0.06912000000000001, -0.07404, -0.14022, -0.10010000000000001]","[-0.05212, -0.04956000000000001, -0.0616, -0.10176, -0.07376]",../tutorials/data/ising_zne_hardware/100q_brisbane/step_05_J12.pk
"[-0.16410000000000002, -0.24016, -0.15344, -0.08868, -0.11674000000000001]","[-0.12048, -0.1736, -0.09236, -0.06948, -0.08408]",../tutorials/data/ising_zne_hardware/100q_brisbane/step_05_J13.pk
"[-0.24573999999999996, -0.1795, -0.26412, -0.25148, -0.10377999999999998]","[-0.18403999999999998, -0.1434, -0.17548000000000002, -0.1888, -0.088]",../tutorials/data/ising_zne_hardware/100q_brisbane/step_05_J14.pk
"[-0.03863999999999999, -0.0076399999999999975, -0.12768, -0.18962, -0.05576000000000002]","[0.024040000000000013, -0.018279999999999998, -0.09315999999999999, -0.13372, -0.04368000000000001]",../tutorials/data/ising_zne_hardware/100q_brisbane/step_05_J15.pk
"[0.0016400000000000056, -0.029140000000000003, -0.04704, 0.07913999999999999, 0.09794]","[-0.002279999999999996, -0.012880000000000003, -0.04292, 0.0372, 0.07636]",../tutorials/data/ising_zne_hardware/100q_brisbane/step_05_J16.pk
"[-0.033220000000000006, 0.0004200000000000002, 0.005900000000000001, -0.031259999999999996, 0.05008]","[-0.01784, -0.00023999999999999992, -0.008639999999999998, -0.040679999999999994, 0.022760000000000002]",../tutorials/data/ising_zne_hardware/100q_brisbane/step_05_J17.pk
"[0.004499999999999997, -0.02104, -0.009399999999999999, 0.05448, -0.008780000000000003]","[-0.01908, -0.00688, -0.023759999999999996, 0.02928, -0.005280000000000003]",../tutorials/data/ising_zne_hardware/100q_brisbane/step_05_J18.pk
"[-0.09506, 0.050379999999999994, -0.03488000000000001, 0.05714, -0.020560000000000002]","[-0.06964000000000001, 0.03448, -0.0512, 0.026680000000000002, -0.03912]",../tutorials/data/ising_zne_hardware/100q_brisbane/step_05_J19.pk
"[-0.026960000000000005, -0.035500000000000004, -0.026179999999999995, -0.009579999999999998, -0.025599999999999998]","[-0.030520000000000002, -0.03948, -0.030479999999999997, -0.01096, -0.02788]",../tutorials/data/ising_zne_hardware/100q_brisbane/step_05_J20.pk
"[-0.3626600000000001, -0.023899999999999994, -0.18966, -0.23028, -0.19500000000000006]","[-0.27792000000000006, 0.010839999999999999, -0.14492, -0.1728, -0.19036000000000003]",../tutorials/data/ising_zne_hardware/100q_brisbane/step_05_J21.pk
"[0.005459999999999998, -0.07104, 0.07607999999999998, -0.09064, 0.026120000000000008]","[0.007759999999999999, -0.05716, 0.05891999999999999, -0.06468, 0.013880000000000003]",../tutorials/data/ising_zne_hardware/100q_brisbane/step_05_J22.pk
"[-0.04616, 9.999999999999766e-05, 0.028259999999999997, -0.06104, -0.007199999999999988]","[-0.03316, 0.015040000000000001, 0.012559999999999998, -0.05619999999999999, -0.026919999999999993]",../tutorials/data/ising_zne_hardware/100q_brisbane/step_05_J23.pk
"[-0.029199999999999997, -0.0004799999999999991, 0.013119999999999996, 0.01856, 0.022959999999999998]","[-0.025679999999999998, -0.0006399999999999993, -0.010400000000000003, 0.010239999999999999, 0.0074399999999999996]",../tutorials/data/ising_zne_hardware/100q_brisbane/step_05_J24.pk
"[-0.07534000000000002, -0.025679999999999998, -0.07468000000000002, -0.053919999999999996, -0.06358]","[-0.05740000000000001, -0.025759999999999998, -0.05900000000000001, -0.054759999999999996, -0.0588]",../tutorials/data/ising_zne_hardware/100q_brisbane/step_05_J25.pk
"[-0.2136, -0.06448000000000001, -0.19096, 0.011420000000000003, 0.0433]","[-0.14556, -0.05772000000000001, -0.15364, 0.004680000000000001, 0.03012]",../tutorials/data/ising_zne_hardware/100q_brisbane/step_05_J26.pk
"[0.00462, 0.007080000000000002, -0.0008999999999999998, -0.031060000000000004, -0.009940000000000001]","[-0.00368, -0.00292, -0.01092, -0.025240000000000002, -0.0196]",../tutorials/data/ising_zne_hardware/100q_brisbane/step_05_J27.pk
"[-0.06452000000000001, -0.049600000000000005, -0.06266000000000001, -0.033440000000000004, -0.024539999999999996]","[-0.0444, -0.04088000000000001, -0.055400000000000005, -0.027120000000000005, -0.029359999999999997]",../tutorials/data/ising_zne_hardware/100q_brisbane/step_05_J28.pk
"[-0.49, -0.51542, -0.40214000000000005, -0.5513600000000001, -0.5045000000000001]","[-0.35536, -0.36128, -0.30652, -0.40936000000000006, -0.35276]",../tutorials/data/ising_zne_hardware/100q_brisbane/step_05_J29.pk
"[-0.04506, -0.08929999999999999, -0.06706000000000001, -0.05586, -0.018340000000000002]","[-0.048, -0.076, -0.07088, -0.04276, -0.01896]",../tutorials/data/ising_zne_hardware/100q_brisbane/step_05_J30.pk
"[0.03096000000000001, -0.11715999999999999, -0.1951, -0.10038000000000001, -0.01859999999999999]","[-0.0025599999999999985, -0.08556, -0.13512, -0.07984000000000001, -0.06739999999999999]",../tutorials/data/ising_zne_hardware/100q_brisbane/step_05_J31.pk
"[-0.46686, -0.30438, -0.45914, -0.3751000000000001, -0.44070000000000004]","[-0.3232, -0.24876, -0.33236, -0.29168000000000005, -0.3164]",../tutorials/data/ising_zne_hardware/100q_brisbane/step_05_J32.pk
"[-0.055639999999999995, -0.05314000000000001, -0.037099999999999994, 0.012500000000000002, -0.001980000000000001]","[-0.04908, -0.045200000000000004, -0.031079999999999997, -0.006, -0.0128]",../tutorials/data/ising_zne_hardware/100q_brisbane/step_05_J33.pk
"[-0.0017999999999999986, -0.022959999999999994, 0.007880000000000003, -0.023120000000000005, -0.03198000000000001]","[-0.008759999999999999, -0.012919999999999997, 0.01024, -0.019680000000000003, -0.03296]",../tutorials/data/ising_zne_hardware/100q_brisbane/step_05_J34.pk
"[-0.03332, -0.09990000000000002, -0.09979999999999999, -0.06836, -0.09032]","[-0.03508, -0.09104000000000001, -0.08127999999999999, -0.057640000000000004, -0.06856]",../tutorials/data/ising_zne_hardware/100q_brisbane/step_05_J35.pk
"[-0.022820000000000007, -0.027160000000000007, 0.15008, 0.01164, -0.09616]","[-0.010400000000000003, -0.030720000000000004, 0.07316, 0.0023200000000000004, -0.0692]",../tutorials/data/ising_zne_hardware/100q_brisbane/step_05_J36.pk
"[-0.30822, -0.16996, -0.42969999999999997, -0.48785999999999996, -0.35456]","[-0.23772, -0.13812, -0.32036, -0.35172, -0.24947999999999998]",../tutorials/data/ising_zne_hardware/100q_brisbane/step_05_J37.pk
"[-0.08480000000000001, -0.03276000000000001, -0.06018000000000001, -0.11694, -0.08474000000000001]","[-0.06276000000000001, -0.036160000000000005, -0.052360000000000004, -0.09192, -0.06844]",../tutorials/data/ising_zne_hardware/100q_brisbane/step_05_J38.pk
"[0.028960000000000007, 0.008399999999999996, -0.0264, -0.014140000000000007, 0.016920000000000004]","[0.014000000000000004, -0.003560000000000002, -0.0248, -0.015440000000000004, -0.00624]",../tutorials/data/ising_zne_hardware/100q_brisbane/step_05_J39.pk
"[-0.14848, -0.14661999999999997, -0.43212, -0.25914000000000004, -0.38663999999999993]","[-0.12032000000000001, -0.14431999999999998, -0.29984, -0.18604000000000004, -0.27199999999999996]",../tutorials/data/ising_zne_hardware/100q_brisbane/step_05_J40.pk
"[-0.011440000000000002, 0.01126, -0.007600000000000002, 0.02468, 0.002319999999999996]","[-0.013840000000000002, 0.00068, 0.0038400000000000005, 0.01792, 0.003519999999999998]",../tutorials/data/ising_zne_hardware/100q_brisbane/step_05_J41.pk
"[-0.47054, -0.53566, -0.45830000000000004, -0.46874, -0.49330000000000007]","[-0.3622, -0.43276000000000003, -0.2948, -0.34436, -0.335]",../tutorials/data/ising_zne_hardware/100q_brisbane/step_05_J42.pk
"[-0.08728, -0.03763999999999999, -0.024659999999999998, -0.0514, -0.06250000000000001]","[-0.05524, -0.03872, -0.03276, -0.04756, -0.058440000000000006]",../tutorials/data/ising_zne_hardware/100q_brisbane/step_05_J43.pk
"[0.10411999999999999, -0.022640000000000007, -0.22984, -0.019119999999999998, 0.06374]","[0.06884, -0.04148, -0.17312, -0.011879999999999998, 0.0366]",../tutorials/data/ising_zne_hardware/100q_brisbane/step_05_J44.pk
"[-0.0801, -0.023579999999999993, -0.06992000000000001, -0.08081999999999998, -0.0553]","[-0.06492, -0.042519999999999995, -0.05444, -0.07383999999999999, -0.05904]",../tutorials/data/ising_zne_hardware/100q_brisbane/step_05_J45.pk
"[0.001680000000000001, 0.07694, 0.00967999999999999, -0.028399999999999998, -0.08164]","[-0.011279999999999998, 0.0344, -0.008560000000000002, -0.018959999999999998, -0.07796]",../tutorials/data/ising_zne_hardware/100q_brisbane/step_05_J46.pk
"[0.06867999999999999, -0.0103, 0.017400000000000002, -0.03111999999999999, -0.01751999999999999]","[0.02604, -0.00796, 0.010520000000000002, -0.031479999999999994, -0.030279999999999994]",../tutorials/data/ising_zne_hardware/100q_brisbane/step_05_J47.pk
"[-0.017999999999999995, -0.04047999999999999, -0.03782, -0.05382, 0.0291]","[-0.0224, -0.041359999999999994, -0.01888, -0.0258, 0.0074399999999999996]",../tutorials/data/ising_zne_hardware/100q_brisbane/step_05_J48.pk
"[-0.03714000000000001, -0.26614000000000004, -0.011460000000000005, -0.25978, -0.15498]","[-0.010720000000000009, -0.22004, -0.0364, -0.21552000000000002, -0.13624]",../tutorials/data/ising_zne_hardware/100q_brisbane/step_05_J49.pk
"[-0.73966, -0.8001399999999999, -0.8796599999999999, -0.7287200000000001, -0.8623999999999998]","[-0.51676, -0.5875999999999999, -0.63916, -0.5480400000000001, -0.6195199999999998]",../tutorials/data/ising_zne_hardware/100q_brisbane/step_06_J00.pk
"[0.02632, -0.0030999999999999986, 0.06628, -0.008740000000000001, 0.011639999999999998]","[0.01404, -0.0126, 0.03928, -0.011720000000000001, 0.012759999999999999]",../tutorials/data/ising_zne_hardware/100q_brisbane/step_06_J01.pk
"[0.07260000000000001, 0.06395999999999999, 0.012860000000000002, 0.008759999999999999, 0.04536]","[0.045840000000000006, 0.04667999999999999, 0.004200000000000001, 0.0044399999999999995, 0.032279999999999996]",../tutorials/data/ising_zne_hardware/100q_brisbane/step_06_J02.pk
"[-0.0023999999999999985, 0.039279999999999995, 0.07275999999999999, 0.015440000000000002, 0.03562]","[-0.0028799999999999997, 0.02412, 0.044399999999999995, 0.01784, 0.0274]",../tutorials/data/ising_zne_hardware/100q_brisbane/step_06_J03.pk
"[0.40164, 0.28808, 0.19344, 0.3970799999999999, 0.29735999999999996]","[0.28388, 0.22444000000000003, 0.145, 0.26175999999999994, 0.21511999999999998]",../tutorials/data/ising_zne_hardware/100q_brisbane/step_06_J04.pk
"[0.34087999999999996, 0.2966599999999999, 0.38454, 0.34382, 0.34873999999999994]","[0.24036, 0.18063999999999997, 0.27464, 0.24876, 0.25827999999999995]",../tutorials/data/ising_zne_hardware/100q_brisbane/step_06_J05.pk
"[0.67486, 0.7425, 0.67598, 0.6513399999999999, 0.61202]","[0.46204, 0.52044, 0.4782, 0.46751999999999994, 0.41432]",../tutorials/data/ising_zne_hardware/100q_brisbane/step_06_J06.pk
"[0.03816, 0.03374, 0.024860000000000004, 0.025639999999999996, -0.0007800000000000012]","[0.015200000000000002, 0.0228, 0.018600000000000002, 0.016079999999999997, -0.005120000000000001]",../tutorials/data/ising_zne_hardware/100q_brisbane/step_06_J07.pk
"[0.0658, 0.0281, 0.042499999999999996, -0.009999999999999998, 0.020999999999999998]","[0.04268, 0.013919999999999998, 0.031, -0.0073999999999999995, 0.012839999999999999]",../tutorials/data/ising_zne_hardware/100q_brisbane/step_06_J08.pk
"[-0.0017599999999999983, 0.0085, 0.010060000000000001, 0.03704, 0.03336]","[-0.0025599999999999985, 0.00776, -0.00872, 0.03632, 0.01252]",../tutorials/data/ising_zne_hardware/100q_brisbane/step_06_J09.pk
"[0.7896799999999999, 0.7921799999999999, 0.7418600000000002, 0.8608800000000001, 0.8693399999999999]","[0.58804, 0.55912, 0.5189600000000001, 0.6133200000000001, 0.6342399999999999]",../tutorials/data/ising_zne_hardware/100q_brisbane/step_06_J10.pk
"[0.0026600000000000005, 0.01348, 0.02726, -0.021220000000000003, 0.0283]","[-0.0036000000000000003, -0.002879999999999999, 0.01284, -0.020440000000000003, 0.014679999999999999]",../tutorials/data/ising_zne_hardware/100q_brisbane/step_06_J11.pk
"[0.014100000000000001, 0.058140000000000004, 0.06726, 0.04064, 0.04844]","[0.00604, 0.03468, 0.03628, 0.01948, 0.03684]",../tutorials/data/ising_zne_hardware/100q_brisbane/step_06_J12.pk
"[0.35015999999999997, 0.23199999999999998, 0.15322000000000002, 0.29554, 0.09562]","[0.25164, 0.14895999999999998, 0.11344000000000001, 0.20196, 0.06956]",../tutorials/data/ising_zne_hardware/100q_brisbane/step_06_J13.pk
"[0.24891999999999997, 0.16182000000000002, 0.26026, 0.23269999999999996, 0.25558000000000003]","[0.16763999999999998, 0.098, 0.23671999999999999, 0.16019999999999998, 0.17292000000000002]",../tutorials/data/ising_zne_hardware/100q_brisbane/step_06_J14.pk
"[0.28403999999999996, 0.21975999999999998, 0.3214, 0.27752000000000004, 0.24523999999999999]","[0.20651999999999998, 0.13548, 0.22632, 0.19904000000000002, 0.175]",../tutorials/data/ising_zne_hardware/100q_brisbane/step_06_J15.pk
"[0.06986000000000002, 0.14932, 0.12146, 0.05035999999999999, 0.08184]","[0.06272000000000001, 0.1, 0.07464, 0.04887999999999999, 0.05924]",../tutorials/data/ising_zne_hardware/100q_brisbane/step_06_J16.pk
"[-0.018659999999999996, 0.027139999999999997, 0.08395999999999999, 0.023599999999999996, -0.02098]","[-0.018359999999999998, 0.01356, 0.048519999999999994, 0.012559999999999998, -0.006039999999999997]",../tutorials/data/ising_zne_hardware/100q_brisbane/step_06_J17.pk
"[-0.01892, -0.026320000000000003, -0.07244, -0.009060000000000002, -0.05204]","[-0.00928, -0.017320000000000002, -0.05684, -0.01632, -0.03664]",../tutorials/data/ising_zne_hardware/100q_brisbane/step_06_J18.pk
"[0.17687999999999998, 0.016819999999999995, 0.10283999999999999, 0.07022, 0.14439999999999997]","[0.11052, 0.02096, 0.06416, 0.06028, 0.09791999999999998]",../tutorials/data/ising_zne_hardware/100q_brisbane/step_06_J19.pk
"[-0.03052, 0.026359999999999998, 0.01654, 0.01704, 0.005860000000000001]","[-0.030959999999999998, 0.0156, 0.01032, 0.0106, -0.00104]",../tutorials/data/ising_zne_hardware/100q_brisbane/step_06_J20.pk
"[0.40566, 0.40154000000000006, 0.43382000000000004, 0.37912, 0.26705999999999996]","[0.28952, 0.28268000000000004, 0.31120000000000003, 0.267, 0.21352]",../tutorials/data/ising_zne_hardware/100q_brisbane/step_06_J21.pk
"[0.06971999999999998, 0.07212, -0.019960000000000006, 0.06481999999999999, 0.026260000000000006]","[0.03315999999999998, 0.04712, -0.023560000000000005, 0.044, 0.017440000000000004]",../tutorials/data/ising_zne_hardware/100q_brisbane/step_06_J22.pk
"[0.003679999999999994, -0.04052, 0.025140000000000003, 0.029320000000000002, 0.0022600000000000016]","[0.008599999999999997, -0.0374, 0.012240000000000001, 0.019200000000000002, -0.015]",../tutorials/data/ising_zne_hardware/100q_brisbane/step_06_J23.pk
"[-0.056280000000000004, 0.01006, -0.058539999999999995, -0.06354, -0.005639999999999995]","[-0.04596, 0.0018799999999999997, -0.04416, -0.0536, -0.010839999999999997]",../tutorials/data/ising_zne_hardware/100q_brisbane/step_06_J24.pk
"[0.030959999999999998, 0.009300000000000001, 0.04311999999999999, 0.034879999999999994, 0.061520000000000005]","[0.0196, -0.005559999999999999, 0.022159999999999996, 0.01672, 0.04172]",../tutorials/data/ising_zne_hardware/100q_brisbane/step_06_J25.pk
"[0.24867999999999996, 0.32632, 0.20365999999999998, 0.24430000000000002, 0.17110000000000003]","[0.17659999999999998, 0.2082, 0.142, 0.18528, 0.12488000000000002]",../tutorials/data/ising_zne_hardware/100q_brisbane/step_06_J26.pk
"[0.04744, 0.00496, -0.0144, 0.036500000000000005, -0.010839999999999999]","[0.029920000000000002, 4.000000000000045e-05, -0.00552, 0.025480000000000003, -0.013999999999999999]",../tutorials/data/ising_zne_hardware/100q_brisbane/step_06_J27.pk
"[-0.022019999999999998, 0.012419999999999997, 0.00928, 0.00044000000000000115, -0.00014000000000000037]","[-0.01816, 0.0007599999999999982, -0.00011999999999999996, -0.001999999999999999, 0.00488]",../tutorials/data/ising_zne_hardware/100q_brisbane/step_06_J28.pk
"[0.7492399999999999, 0.7332000000000001, 0.78356, 0.82528, 0.7703]","[0.5487599999999999, 0.5340400000000001, 0.57728, 0.58448, 0.53704]",../tutorials/data/ising_zne_hardware/100q_brisbane/step_06_J29.pk
"[0.02376, 0.012679999999999999, 0.03408, 0.026059999999999996, 0.00984]","[0.0035199999999999997, 0.008119999999999999, 0.01372, 0.013119999999999998, -0.0041600000000000005]",../tutorials/data/ising_zne_hardware/100q_brisbane/step_06_J30.pk
"[0.33038000000000006, 0.25872, 0.27004, 0.31452, 0.16486]","[0.23644000000000004, 0.18664, 0.19004000000000001, 0.23212000000000002, 0.12148]",../tutorials/data/ising_zne_hardware/100q_brisbane/step_06_J31.pk
"[0.79086, 0.73614, 0.7638400000000001, 0.8364400000000001, 0.6700199999999998]","[0.55772, 0.53984, 0.5101600000000001, 0.5776, 0.4815199999999999]",../tutorials/data/ising_zne_hardware/100q_brisbane/step_06_J32.pk
"[0.008760000000000007, -0.006940000000000001, -0.024860000000000004, 0.0326, 0.0034800000000000013]","[-0.013359999999999997, -0.01272, -0.018680000000000002, 0.01816, 0.0007200000000000012]",../tutorials/data/ising_zne_hardware/100q_brisbane/step_06_J33.pk
"[0.02062, -0.040900000000000006, 0.0035200000000000023, 0.010539999999999999, 0.027539999999999995]","[0.0058400000000000014, -0.03672, -0.007199999999999998, -0.0057599999999999995, 0.019439999999999995]",../tutorials/data/ising_zne_hardware/100q_brisbane/step_06_J34.pk
"[0.07852, 0.058039999999999994, 0.03748, 0.04580000000000001, 0.055940000000000004]","[0.0478, 0.037919999999999995, 0.015560000000000001, 0.029360000000000004, 0.028560000000000002]",../tutorials/data/ising_zne_hardware/100q_brisbane/step_06_J35.pk
"[0.07732, 0.02468, 0.13494, 0.11916, 0.11733999999999999]","[0.054720000000000005, -0.001720000000000001, 0.10092000000000001, 0.08096, 0.07547999999999999]",../tutorials/data/ising_zne_hardware/100q_brisbane/step_06_J36.pk
"[0.60608, 0.6022000000000001, 0.56442, 0.6336999999999999, 0.4657]","[0.45535999999999993, 0.42168, 0.39884000000000003, 0.44695999999999997, 0.31488]",../tutorials/data/ising_zne_hardware/100q_brisbane/step_06_J37.pk
"[0.10116, 0.05552, 0.012, 0.027099999999999996, -0.0097]","[0.06612, 0.03776, 0.0066, 0.026279999999999998, -0.00796]",../tutorials/data/ising_zne_hardware/100q_brisbane/step_06_J38.pk
"[-0.046419999999999996, 0.014600000000000004, 0.03848, -0.04406, -0.03422]","[-0.04704, -0.010559999999999998, 0.0206, -0.03248, -0.02676]",../tutorials/data/ising_zne_hardware/100q_brisbane/step_06_J39.pk
"[0.45132, 0.4746800000000001, 0.43324000000000007, 0.6265000000000001, 0.5685]","[0.33736, 0.34680000000000005, 0.29676, 0.44812, 0.398]",../tutorials/data/ising_zne_hardware/100q_brisbane/step_06_J40.pk
"[-0.0208, 0.012220000000000005, 0.0029999999999999975, 0.01784, -0.025120000000000003]","[-0.0182, 0.009920000000000002, -0.006240000000000001, 0.00484, -0.01144]",../tutorials/data/ising_zne_hardware/100q_brisbane/step_06_J41.pk
"[0.8347800000000001, 0.8058, 0.7932200000000001, 0.7888400000000001, 0.7671399999999999]","[0.5977600000000001, 0.56804, 0.5661200000000001, 0.56044, 0.53452]",../tutorials/data/ising_zne_hardware/100q_brisbane/step_06_J42.pk
"[-0.002520000000000003, 0.004840000000000001, 0.050679999999999996, 0.011420000000000001, 0.013040000000000001]","[-0.01252, -0.0056, 0.03872, 0.0017600000000000007, 0.00396]",../tutorials/data/ising_zne_hardware/100q_brisbane/step_06_J43.pk
"[0.16226000000000002, 0.05328, 0.18586, 0.08064, 0.17514000000000002]","[0.10596000000000001, 0.03696, 0.13568, 0.06632, 0.14504]",../tutorials/data/ising_zne_hardware/100q_brisbane/step_06_J44.pk
"[0.09038, 0.032260000000000004, 0.017339999999999998, 0.030900000000000004, 0.01564]","[0.04876, 0.024880000000000003, 0.012559999999999998, 0.022160000000000003, 0.008480000000000001]",../tutorials/data/ising_zne_hardware/100q_brisbane/step_06_J45.pk
"[0.07952, 0.0555, 0.02004, 0.07754000000000001, 0.08873999999999999]","[0.052879999999999996, 0.03828, 0.012039999999999999, 0.043120000000000006, 0.046759999999999996]",../tutorials/data/ising_zne_hardware/100q_brisbane/step_06_J46.pk
"[0.060579999999999995, -0.05612, -0.028899999999999995, 0.01296, -0.025839999999999995]","[0.035719999999999995, -0.028560000000000002, -0.025119999999999996, 0.01132, -0.027479999999999997]",../tutorials/data/ising_zne_hardware/100q_brisbane/step_06_J47.pk
"[-0.011519999999999999, 0.018520000000000002, -0.02774, -0.012700000000000001, 8.000000000000021e-05]","[-0.01316, 0.007120000000000001, -0.02088, -0.01788, -0.00852]",../tutorials/data/ising_zne_hardware/100q_brisbane/step_06_J48.pk
"[0.30626, 0.30983999999999995, 0.32264000000000004, 0.3559, 0.25658000000000003]","[0.22268, 0.20295999999999997, 0.24816000000000002, 0.2524, 0.16476000000000002]",../tutorials/data/ising_zne_hardware/100q_brisbane/step_06_J49.pk
"[0.03304, -0.12947999999999998, -0.034460000000000005, -0.05542, -0.10057999999999999]","[0.013119999999999998, -0.12247999999999999, -0.024480000000000002, -0.053959999999999994, -0.054959999999999995]",../tutorials/data/ising_zne_hardware/100q_brisbane/step_07_J00.pk
"[-0.0026999999999999997, 0.03548, -0.009099999999999997, -0.019020000000000002, -0.030379999999999997]","[-0.00148, 0.013519999999999999, -0.014799999999999999, -0.018840000000000003, -0.01656]",../tutorials/data/ising_zne_hardware/100q_brisbane/step_07_J01.pk
"[-0.020320000000000005, -0.036219999999999995, -0.04256, -0.027139999999999997, -0.025819999999999996]","[-0.017320000000000002, -0.028839999999999998, -0.0334, -0.01876, -0.01988]",../tutorials/data/ising_zne_hardware/100q_brisbane/step_07_J02.pk
"[-0.02248, -0.0203, -0.02302, -0.04188, -0.024759999999999997]","[-0.01444, -0.01652, -0.01848, -0.02984, -0.02404]",../tutorials/data/ising_zne_hardware/100q_brisbane/step_07_J03.pk
"[-0.10905999999999999, -0.19971999999999998, -0.16182, -0.18469999999999998, -0.09473999999999999]","[-0.08528, -0.13276, -0.11148, -0.14043999999999998, -0.07696]",../tutorials/data/ising_zne_hardware/100q_brisbane/step_07_J04.pk
"[-0.05648, -0.042120000000000005, -0.11553999999999999, -0.07848, -0.15388000000000002]","[-0.03656, -0.040600000000000004, -0.09208, -0.03492, -0.10744000000000001]",../tutorials/data/ising_zne_hardware/100q_brisbane/step_07_J05.pk
"[-0.26577999999999996, -0.23674, -0.20658000000000004, -0.34104, -0.34762000000000004]","[-0.16787999999999997, -0.1806, -0.15544000000000002, -0.25412, -0.24108000000000002]",../tutorials/data/ising_zne_hardware/100q_brisbane/step_07_J06.pk
"[-0.04780000000000001, 0.0010400000000000006, -0.0413, -0.024460000000000003, -0.0312]","[-0.03432, -0.00011999999999999927, -0.02632, -0.023520000000000003, -0.024399999999999998]",../tutorials/data/ising_zne_hardware/100q_brisbane/step_07_J07.pk
"[-0.0344, -0.021580000000000002, -0.027800000000000002, -0.015379999999999998, -0.016620000000000003]","[-0.023399999999999997, -0.019200000000000002, -0.02016, -0.008839999999999999, -0.01552]",../tutorials/data/ising_zne_hardware/100q_brisbane/step_07_J08.pk
"[-0.03068, -0.0212, -0.020500000000000004, -0.02416, -0.05560000000000001]","[-0.01752, -0.01788, -0.016360000000000003, -0.02368, -0.039880000000000006]",../tutorials/data/ising_zne_hardware/100q_brisbane/step_07_J09.pk
"[-0.27028, -0.38760000000000006, -0.28543999999999997, -0.3265799999999999, -0.40681999999999996]","[-0.20844000000000001, -0.27616, -0.21452, -0.24955999999999995, -0.2592]",../tutorials/data/ising_zne_hardware/100q_brisbane/step_07_J10.pk
"[-0.013460000000000001, -0.0364, -0.03985999999999999, -0.020820000000000005, -0.011419999999999998]","[-0.00948, -0.02024, -0.031799999999999995, -0.019200000000000002, -0.01884]",../tutorials/data/ising_zne_hardware/100q_brisbane/step_07_J11.pk
"[-0.03472, -0.0081, -0.03336, -0.0334, -0.022760000000000002]","[-0.02904, -0.0094, -0.02812, -0.031120000000000002, -0.01828]",../tutorials/data/ising_zne_hardware/100q_brisbane/step_07_J12.pk
"[-0.13698000000000002, -0.021179999999999997, -0.035879999999999995, 0.09147999999999999, -0.10356000000000001]","[-0.10452000000000002, -0.02036, -0.03576, 0.0642, -0.0874]",../tutorials/data/ising_zne_hardware/100q_brisbane/step_07_J13.pk
"[-0.12172000000000002, -0.22026, -0.14066, -0.08099999999999999, 0.020060000000000005]","[-0.09812000000000001, -0.1652, -0.09480000000000001, -0.06352, 0.025640000000000003]",../tutorials/data/ising_zne_hardware/100q_brisbane/step_07_J14.pk
"[-0.02744, -0.25934, -0.043919999999999994, -0.32148, 0.06704]","[-0.027960000000000002, -0.17512, -0.04248, -0.22864, 0.04284]",../tutorials/data/ising_zne_hardware/100q_brisbane/step_07_J15.pk
"[-0.1056, -0.01894, -0.024879999999999996, 0.05236, -0.054340000000000006]","[-0.08016, -0.01808, -0.021679999999999998, 0.03312, -0.033120000000000004]",../tutorials/data/ising_zne_hardware/100q_brisbane/step_07_J16.pk
"[-0.0142, -0.0007999999999999996, -0.04062, 0.010960000000000001, -0.00542]","[-0.00872, -0.0008799999999999999, -0.033800000000000004, 0.00592, -0.01232]",../tutorials/data/ising_zne_hardware/100q_brisbane/step_07_J17.pk
"[-0.00912, 0.0065, -0.00964, -0.04923999999999999, -0.02138]","[-0.01384, -0.0018800000000000004, -0.01064, -0.03772, -0.02188]",../tutorials/data/ising_zne_hardware/100q_brisbane/step_07_J18.pk
"[0.01574, -0.08519999999999998, -0.07322000000000001, -0.07488, -0.09104000000000001]","[-0.0024400000000000003, -0.06427999999999999, -0.06332, -0.05424, -0.0528]",../tutorials/data/ising_zne_hardware/100q_brisbane/step_07_J19.pk
"[0.0049, -0.0021400000000000013, -0.01284, 0.007820000000000002, -0.022319999999999996]","[0.0025599999999999998, -0.008400000000000001, -0.00808, -0.00408, -0.017599999999999998]",../tutorials/data/ising_zne_hardware/100q_brisbane/step_07_J20.pk
"[-0.16993999999999998, -0.14790000000000003, -0.37962, -0.27186, -0.12082]","[-0.10255999999999998, -0.11484000000000001, -0.26516, -0.21928, -0.09436]",../tutorials/data/ising_zne_hardware/100q_brisbane/step_07_J21.pk
"[-0.09850000000000002, 0.014459999999999995, -0.022019999999999998, -0.08418000000000003, -0.005920000000000009]","[-0.07192000000000001, 0.010839999999999997, -0.01384, -0.06432000000000002, -0.024640000000000002]",../tutorials/data/ising_zne_hardware/100q_brisbane/step_07_J22.pk
"[-0.02738, -0.01036, 0.029380000000000003, -0.022539999999999998, -0.00952]","[-0.01464, -0.0032799999999999995, 0.012000000000000002, -0.019319999999999997, -0.0128]",../tutorials/data/ising_zne_hardware/100q_brisbane/step_07_J23.pk
"[0.02536, 0.0059, -0.058719999999999994, 0.01234, -0.04344]","[0.01384, 0.01144, -0.04552, 0.0027200000000000006, -0.02184]",../tutorials/data/ising_zne_hardware/100q_brisbane/step_07_J24.pk
"[-0.022019999999999998, -0.03285999999999999, -0.04222, -0.027200000000000002, -0.03086]","[-0.01868, -0.022799999999999997, -0.03012, -0.0274, -0.02172]",../tutorials/data/ising_zne_hardware/100q_brisbane/step_07_J25.pk
"[-0.07483999999999999, -0.07780000000000001, -0.18732, -0.25098, -0.11034000000000002]","[-0.07056, -0.07008, -0.14648, -0.18108, -0.09856000000000001]",../tutorials/data/ising_zne_hardware/100q_brisbane/step_07_J26.pk
"[0.0319, -0.01158, -0.0027, -0.048279999999999997, -0.009599999999999997]","[0.01892, -0.01212, -0.00016000000000000026, -0.03616, -0.012159999999999999]",../tutorials/data/ising_zne_hardware/100q_brisbane/step_07_J27.pk
"[0.0016599999999999985, 0.0017400000000000002, 0.011679999999999998, 0.0009000000000000006, -0.011859999999999996]","[0.000519999999999999, -0.00896, 0.008879999999999999, -0.00484, -0.012399999999999998]",../tutorials/data/ising_zne_hardware/100q_brisbane/step_07_J28.pk
"[-0.008820000000000001, -0.12205999999999997, -0.35951999999999995, -0.35369999999999996, -0.27834]","[-0.015080000000000001, -0.08251999999999998, -0.24863999999999997, -0.24847999999999998, -0.17587999999999998]",../tutorials/data/ising_zne_hardware/100q_brisbane/step_07_J29.pk
"[0.0065000000000000014, -0.01122, -0.012140000000000001, -0.016959999999999996, -0.027360000000000002]","[-0.006559999999999999, -0.0118, -0.015040000000000001, -0.027399999999999997, -0.022760000000000002]",../tutorials/data/ising_zne_hardware/100q_brisbane/step_07_J30.pk
"[0.031000000000000007, -0.26509999999999995, 0.037799999999999986, -0.11354, -0.08287999999999998]","[0.016800000000000006, -0.19923999999999997, 0.019759999999999996, -0.10832, -0.08771999999999999]",../tutorials/data/ising_zne_hardware/100q_brisbane/step_07_J31.pk
"[-0.10396000000000002, -0.20779999999999998, -0.17803999999999998, -0.26565999999999995, -0.26414000000000004]","[-0.08776000000000002, -0.1702, -0.12835999999999997, -0.18459999999999996, -0.2048]",../tutorials/data/ising_zne_hardware/100q_brisbane/step_07_J32.pk
"[0.006640000000000002, -0.030719999999999994, 0.020980000000000002, 0.01366, -0.02228]","[-0.005439999999999999, -0.027999999999999997, 0.0028399999999999996, 0.00023999999999999925, -0.02484]",../tutorials/data/ising_zne_hardware/100q_brisbane/step_07_J33.pk
"[-0.049960000000000004, 0.0195, -0.020020000000000003, 0.007139999999999999, -0.016239999999999994]","[-0.04936, 0.005200000000000001, -0.01752, -0.00532, -0.021039999999999996]",../tutorials/data/ising_zne_hardware/100q_brisbane/step_07_J34.pk
"[-0.051039999999999995, -0.033460000000000004, -0.026740000000000007, -0.04039999999999999, -0.06258]","[-0.04076, -0.030920000000000003, -0.026880000000000005, -0.036079999999999994, -0.05232]",../tutorials/data/ising_zne_hardware/100q_brisbane/step_07_J35.pk
"[-0.039760000000000004, -0.009480000000000002, -0.0441, -0.05502000000000001, 0.05884]","[-0.04016, -0.01768, -0.023600000000000003, -0.05276000000000001, 0.03004]",../tutorials/data/ising_zne_hardware/100q_brisbane/step_07_J36.pk
"[-0.13996, -0.26237999999999995, -0.024180000000000004, -0.27221999999999996, -0.3166]","[-0.09568, -0.18968, -0.026480000000000004, -0.21239999999999998, -0.2272]",../tutorials/data/ising_zne_hardware/100q_brisbane/step_07_J37.pk
"[-0.03894, -0.03918, -0.002700000000000001, -0.01192, -0.01866]","[-0.03332, -0.03076, -0.00604, -0.01132, -0.01764]",../tutorials/data/ising_zne_hardware/100q_brisbane/step_07_J38.pk
"[0.01724, 0.04266, 0.022979999999999997, 0.0019, -0.04907999999999999]","[0.0031599999999999987, 0.025079999999999998, 0.020079999999999997, 0.00092, -0.036559999999999995]",../tutorials/data/ising_zne_hardware/100q_brisbane/step_07_J39.pk
"[-0.16782, -0.16761999999999996, -0.40824000000000005, -0.28872, -0.23192000000000002]","[-0.14312, -0.13451999999999997, -0.29476, -0.24328, -0.14488]",../tutorials/data/ising_zne_hardware/100q_brisbane/step_07_J40.pk
"[-0.01458, -0.027819999999999998, 0.0052, 0.027659999999999997, 0.02062]","[-0.014679999999999999, -0.017159999999999998, 0.0046, 0.012879999999999999, 0.009319999999999998]",../tutorials/data/ising_zne_hardware/100q_brisbane/step_07_J41.pk
"[-0.21529999999999996, -0.2609, -0.1603, -0.27342, -0.36418000000000006]","[-0.16299999999999998, -0.19988, -0.07987999999999999, -0.2122, -0.2634]",../tutorials/data/ising_zne_hardware/100q_brisbane/step_07_J42.pk
"[0.01626, -0.01772, -0.04056, -0.045259999999999995, -0.05224000000000001]","[0.0068000000000000005, -0.01544, -0.03256, -0.03156, -0.036160000000000005]",../tutorials/data/ising_zne_hardware/100q_brisbane/step_07_J43.pk
"[-0.07834, -0.01888, 0.015440000000000004, -0.08906, -0.04504]","[-0.06492, -0.01892, -0.009439999999999995, -0.062119999999999995, -0.0334]",../tutorials/data/ising_zne_hardware/100q_brisbane/step_07_J44.pk
"[-0.009519999999999997, 0.0028800000000000023, -0.01378, -0.01646, -0.02778]","[-0.01432, -0.007399999999999999, -0.014360000000000001, -0.022, -0.02016]",../tutorials/data/ising_zne_hardware/100q_brisbane/step_07_J45.pk
"[-0.035320000000000004, -0.00238, -0.08502000000000001, -0.07496, -0.049460000000000004]","[-0.03812, -0.01532, -0.06832, -0.06684, -0.045840000000000006]",../tutorials/data/ising_zne_hardware/100q_brisbane/step_07_J46.pk
"[-0.018860000000000002, 0.008919999999999997, -0.03912, -0.002619999999999999, -0.004600000000000003]","[-0.01872, -0.004520000000000001, -0.027240000000000004, -0.007679999999999999, -0.0052000000000000015]",../tutorials/data/ising_zne_hardware/100q_brisbane/step_07_J47.pk
"[-0.034879999999999994, -0.048799999999999996, -0.04056, -0.009699999999999999, 0.0013999999999999976]","[-0.026039999999999997, -0.03748, -0.03276, -0.007519999999999999, -0.004240000000000002]",../tutorials/data/ising_zne_hardware/100q_brisbane/step_07_J48.pk
"[0.025340000000000022, -0.08442, -0.05124000000000001, 0.0007600000000000003, -0.12616]","[-0.018359999999999987, -0.04716, -0.05636, -0.0178, -0.09528]",../tutorials/data/ising_zne_hardware/100q_brisbane/step_07_J49.pk
"[0.7240600000000001, 0.7401400000000001, 0.68442, 0.75498, 0.74768]","[0.5363200000000001, 0.5336000000000001, 0.49912, 0.5502, 0.54752]",../tutorials/data/ising_zne_hardware/100q_brisbane/step_08_J00.pk
"[0.01074, 0.01124, 0.013400000000000002, 0.02436, -0.019860000000000003]","[0.00504, 0.0038000000000000004, 0.006240000000000001, 0.01764, -0.01768]",../tutorials/data/ising_zne_hardware/100q_brisbane/step_08_J01.pk
"[0.0133, -0.004960000000000001, -0.0018199999999999996, 0.01762, 0.0003000000000000025]","[0.00812, -0.009600000000000001, -0.0021599999999999996, 0.00776, -0.005159999999999999]",../tutorials/data/ising_zne_hardware/100q_brisbane/step_08_J02.pk
"[-0.0013800000000000002, 0.005820000000000001, -0.024279999999999996, 0.02366, -0.019499999999999997]","[-0.0060799999999999995, 0.001680000000000001, -0.02132, 0.008720000000000002, -0.01852]",../tutorials/data/ising_zne_hardware/100q_brisbane/step_08_J03.pk
"[-0.12424, -0.18684, -0.17639999999999997, -0.11764, -0.20289999999999997]","[-0.08512, -0.15308, -0.12755999999999998, -0.1086, -0.17115999999999998]",../tutorials/data/ising_zne_hardware/100q_brisbane/step_08_J04.pk
"[-0.006440000000000003, -0.08512, -0.17522000000000001, -0.030080000000000003, -0.14482]","[-0.010520000000000002, -0.06816, -0.14804, -0.0354, -0.10444]",../tutorials/data/ising_zne_hardware/100q_brisbane/step_08_J05.pk
"[-0.31710000000000005, -0.5424800000000001, -0.42936, -0.31304, -0.35596000000000005]","[-0.24388, -0.39008000000000004, -0.29064, -0.21952, -0.2544]",../tutorials/data/ising_zne_hardware/100q_brisbane/step_08_J06.pk
"[0.00676, 0.022719999999999997, -0.00868, -0.019260000000000003, -0.0037599999999999995]","[0.0022, 0.01, -0.01004, -0.01972, -0.00604]",../tutorials/data/ising_zne_hardware/100q_brisbane/step_08_J07.pk
"[0.0070799999999999995, 0.0007999999999999982, 0.0010799999999999972, -0.00784, -0.00013999999999999863]","[0.00112, -0.0024000000000000007, -0.0011200000000000016, -0.00968, -0.004679999999999999]",../tutorials/data/ising_zne_hardware/100q_brisbane/step_08_J08.pk
"[0.004400000000000001, -0.002080000000000001, -0.013700000000000002, -0.004399999999999999, 0.0012599999999999994]","[-0.0010799999999999998, -0.004360000000000001, -0.013120000000000001, -0.00844, -0.0025200000000000005]",../tutorials/data/ising_zne_hardware/100q_brisbane/step_08_J09.pk
"[-0.43226, -0.3998, -0.42008, -0.26375999999999994, -0.37954000000000004]","[-0.32532, -0.28556, -0.30372, -0.20223999999999998, -0.28672000000000003]",../tutorials/data/ising_zne_hardware/100q_brisbane/step_08_J10.pk
"[0.02676, -0.0207, 0.0124, 0.019119999999999998, -0.010020000000000001]","[0.01168, -0.0228, 0.0021200000000000004, 0.006320000000000001, -0.01116]",../tutorials/data/ising_zne_hardware/100q_brisbane/step_08_J11.pk
"[0.02624, 0.007780000000000001, 0.007399999999999999, 0.0129, 0.00164]","[0.013879999999999998, 0.0024000000000000002, -0.00344, 0.0038, -0.0062]",../tutorials/data/ising_zne_hardware/100q_brisbane/step_08_J12.pk
"[-0.04146, -0.06224000000000001, -0.02524, -0.06820000000000001, -0.015940000000000003]","[-0.0364, -0.05720000000000001, -0.022199999999999998, -0.05616, -0.01984]",../tutorials/data/ising_zne_hardware/100q_brisbane/step_08_J13.pk
"[-0.08901999999999997, -0.07092, 0.08376, -0.0072399999999999964, -0.12140000000000001]","[-0.08003999999999999, -0.05132, 0.05352, -0.004959999999999997, -0.1022]",../tutorials/data/ising_zne_hardware/100q_brisbane/step_08_J14.pk
"[-0.11834000000000001, -0.17800000000000002, -0.08182, -0.0035000000000000066, -0.022299999999999993]","[-0.10432000000000001, -0.13340000000000002, -0.06732, -0.022520000000000005, -0.017759999999999995]",../tutorials/data/ising_zne_hardware/100q_brisbane/step_08_J15.pk
"[-0.017340000000000005, 0.020040000000000002, 0.016579999999999998, 0.005320000000000002, 0.012199999999999999]","[-0.015440000000000004, 0.014360000000000001, 0.002439999999999999, 0.0012400000000000009, 0.0098]",../tutorials/data/ising_zne_hardware/100q_brisbane/step_08_J16.pk
"[0.01588, -0.025779999999999997, -0.018359999999999994, -0.01514, 0.0064399999999999995]","[0.0020799999999999994, -0.02616, -0.01852, -0.01152, 0.0022]",../tutorials/data/ising_zne_hardware/100q_brisbane/step_08_J17.pk
"[-0.018779999999999998, -0.01692, 0.010579999999999999, -0.004380000000000003, 0.021519999999999997]","[-0.01432, -0.01668, 0.004519999999999999, -0.008680000000000002, 0.01108]",../tutorials/data/ising_zne_hardware/100q_brisbane/step_08_J18.pk
"[-0.02836, -0.0003599999999999975, -0.01788, 0.04184, -0.04196]","[-0.01976, -0.010359999999999998, -0.0202, 0.03016, -0.04056]",../tutorials/data/ising_zne_hardware/100q_brisbane/step_08_J19.pk
"[0.0023999999999999976, 0.00906, 0.0018600000000000014, -0.011600000000000001, -0.028419999999999994]","[-0.0048400000000000006, 4.000000000000045e-05, -0.00584, -0.01644, -0.026119999999999997]",../tutorials/data/ising_zne_hardware/100q_brisbane/step_08_J20.pk
"[-0.14538, -0.16234, -0.15104, -0.07792, -0.11724]","[-0.10932, -0.12164000000000001, -0.10972, -0.052680000000000005, -0.08212]",../tutorials/data/ising_zne_hardware/100q_brisbane/step_08_J21.pk
"[0.0010199999999999983, 0.007159999999999998, -0.025240000000000005, -0.01704, 0.053500000000000006]","[-0.012, -0.005960000000000002, -0.018840000000000003, -0.02164, 0.03592]",../tutorials/data/ising_zne_hardware/100q_brisbane/step_08_J22.pk
"[-0.011239999999999997, -0.041679999999999995, 0.034960000000000005, -0.021020000000000004, -0.005379999999999999]","[-0.012759999999999999, -0.02804, 0.01676, -0.02084, -0.0033999999999999994]",../tutorials/data/ising_zne_hardware/100q_brisbane/step_08_J23.pk
"[-0.012059999999999998, 0.002219999999999997, -0.004600000000000002, 0.013360000000000002, 0.0014400000000000003]","[-0.014119999999999999, -0.005920000000000001, -0.014360000000000001, 0.0054800000000000005, -0.007519999999999999]",../tutorials/data/ising_zne_hardware/100q_brisbane/step_08_J24.pk
"[0.028360000000000003, 0.00938, 0.014440000000000001, 0.012240000000000001, 1.734723475976807e-18]","[0.014400000000000001, -0.0033599999999999993, 0.0024400000000000003, 0.0016800000000000003, -0.0082]",../tutorials/data/ising_zne_hardware/100q_brisbane/step_08_J25.pk
"[-0.11522000000000002, -0.17674, -0.04436000000000001, -0.06439999999999999, -0.06782000000000002]","[-0.09412000000000001, -0.12784, -0.047040000000000005, -0.045799999999999993, -0.04932000000000001]",../tutorials/data/ising_zne_hardware/100q_brisbane/step_08_J26.pk
"[-0.010299999999999997, 0.00902, -0.011120000000000001, -0.028640000000000002, 0.005740000000000001]","[-0.013119999999999998, -0.00228, -0.0142, -0.02416, -0.004559999999999999]",../tutorials/data/ising_zne_hardware/100q_brisbane/step_08_J27.pk
"[0.008820000000000001, 0.00434, -0.008020000000000001, -0.026880000000000005, -0.0264]","[-0.0018799999999999997, 0.00204, -0.01064, -0.024960000000000003, -0.0218]",../tutorials/data/ising_zne_hardware/100q_brisbane/step_08_J28.pk
"[-0.42416, -0.3038599999999999, -0.31858, -0.36482000000000003, -0.4187400000000001]","[-0.31272, -0.23099999999999996, -0.21692, -0.27332, -0.32056000000000007]",../tutorials/data/ising_zne_hardware/100q_brisbane/step_08_J29.pk
"[-0.0086, -0.0007000000000000001, 0.011940000000000001, 0.01846, -0.010719999999999999]","[-0.00964, -0.00492, 0.0033600000000000006, 0.00488, -0.01164]",../tutorials/data/ising_zne_hardware/100q_brisbane/step_08_J30.pk
"[0.022279999999999994, -0.03468, -0.029019999999999997, -0.029999999999999995, -0.09825999999999999]","[0.020039999999999995, -0.03272, -0.02848, -0.03308, -0.07708]",../tutorials/data/ising_zne_hardware/100q_brisbane/step_08_J31.pk
"[-0.37904000000000004, -0.36378, -0.28340000000000004, -0.30252, -0.35368]","[-0.27344, -0.25832, -0.19512000000000002, -0.23752, -0.23096]",../tutorials/data/ising_zne_hardware/100q_brisbane/step_08_J32.pk
"[0.035359999999999996, 0.01128, -0.009159999999999998, -0.006940000000000002, -0.01916]","[0.021519999999999997, 0.00392, -0.012879999999999997, -0.011120000000000001, -0.02016]",../tutorials/data/ising_zne_hardware/100q_brisbane/step_08_J33.pk
"[-0.014700000000000001, -0.04396, -0.0266, -0.029000000000000005, 0.015460000000000003]","[-0.019200000000000002, -0.0376, -0.01908, -0.026600000000000002, 0.006480000000000001]",../tutorials/data/ising_zne_hardware/100q_brisbane/step_08_J34.pk
"[0.0088, 0.003060000000000001, -0.0005999999999999981, -0.009460000000000001, -0.012119999999999999]","[0.0038400000000000005, 0.000600000000000001, -0.006239999999999999, -0.007760000000000001, -0.01176]",../tutorials/data/ising_zne_hardware/100q_brisbane/step_08_J35.pk
"[0.017939999999999998, -0.01092, -0.03202, 0.046439999999999995, 0.005939999999999999]","[0.010559999999999998, -0.01384, -0.02892, 0.036719999999999996, -0.0010000000000000002]",../tutorials/data/ising_zne_hardware/100q_brisbane/step_08_J36.pk
"[-0.32442, -0.17676, -0.18072, -0.2733, -0.33321999999999996]","[-0.26608, -0.1404, -0.14448, -0.22763999999999998, -0.25576]",../tutorials/data/ising_zne_hardware/100q_brisbane/step_08_J37.pk
"[-0.008979999999999997, -0.014839999999999999, 0.0038599999999999997, -0.0008599999999999988, 0.01022]","[-0.010879999999999997, -0.013519999999999999, 0.0002799999999999997, -0.00552, 0.0050799999999999994]",../tutorials/data/ising_zne_hardware/100q_brisbane/step_08_J38.pk
"[-0.007560000000000001, 0.0235, -0.00526, -0.033260000000000005, 0.01048]","[-0.00456, 0.01024, -0.005039999999999999, -0.028960000000000003, -0.001200000000000001]",../tutorials/data/ising_zne_hardware/100q_brisbane/step_08_J39.pk
"[-0.20121999999999995, -0.14536, -0.31938, -0.1305, -0.14894000000000002]","[-0.16443999999999998, -0.0964, -0.2306, -0.10804, -0.12012]",../tutorials/data/ising_zne_hardware/100q_brisbane/step_08_J40.pk
"[0.014040000000000002, 0.01286, 0.0017799999999999977, 0.010179999999999998, -0.0077800000000000005]","[0.003520000000000001, 0.0016399999999999997, -0.0045200000000000014, 0.0037199999999999985, -0.008]",../tutorials/data/ising_zne_hardware/100q_brisbane/step_08_J41.pk
"[-0.4065399999999999, -0.43002000000000007, -0.37754000000000004, -0.41093999999999997, -0.53494]","[-0.2988799999999999, -0.30836, -0.28848, -0.30544, -0.38703999999999994]",../tutorials/data/ising_zne_hardware/100q_brisbane/step_08_J42.pk
"[-0.01352, -0.010080000000000002, 0.015, 0.0013599999999999992, 0.009339999999999998]","[-0.01444, -0.012640000000000002, 0.008799999999999999, -0.0038400000000000005, 0.0003600000000000001]",../tutorials/data/ising_zne_hardware/100q_brisbane/step_08_J43.pk
"[0.008, -0.05205999999999999, -0.04558, -0.046380000000000005, 0.04986]","[0.006920000000000001, -0.043239999999999994, -0.04424, -0.04564, 0.0368]",../tutorials/data/ising_zne_hardware/100q_brisbane/step_08_J44.pk
"[0.0035399999999999997, -0.007439999999999999, -0.0024599999999999995, 0.003959999999999999, 0.0009000000000000006]","[-0.004399999999999999, -0.009, -0.007639999999999999, -0.00492, -0.0064]",../tutorials/data/ising_zne_hardware/100q_brisbane/step_08_J45.pk
"[0.010719999999999999, 0.04136, 0.006159999999999995, 0.03915999999999999, 0.06166]","[0.008079999999999999, 0.01744, 0.005159999999999996, 0.022559999999999997, 0.0402]",../tutorials/data/ising_zne_hardware/100q_brisbane/step_08_J46.pk
"[-0.005300000000000001, -0.019119999999999998, 0.010539999999999999, -0.0245, -0.006259999999999999]","[-0.00896, -0.01944, 0.00284, -0.0196, -0.008879999999999999]",../tutorials/data/ising_zne_hardware/100q_brisbane/step_08_J47.pk
"[0.006879999999999999, 0.0233, 0.0026399999999999974, 0.007479999999999999, 0.0011200000000000003]","[-0.0017200000000000006, 0.00844, -0.002080000000000001, -0.0013600000000000014, -0.00592]",../tutorials/data/ising_zne_hardware/100q_brisbane/step_08_J48.pk
"[0.04776, 0.006939999999999998, 0.004120000000000004, -0.06583999999999998, -0.09361999999999998]","[0.01952, -0.0074800000000000005, 0.006120000000000003, -0.06695999999999999, -0.08059999999999999]",../tutorials/data/ising_zne_hardware/100q_brisbane/step_08_J49.pk
"[0.02854, -0.04828, -0.009879999999999995, 0.0036199999999999956, -0.18048]","[0.00808, -0.0242, 0.004800000000000004, 0.0003999999999999976, -0.15736]",../tutorials/data/ising_zne_hardware/100q_brisbane/step_09_J00.pk
"[-0.009040000000000001, 0.00456, -0.0186, -0.02928, -0.015160000000000003]","[-0.008320000000000001, -0.0007199999999999998, -0.020359999999999996, -0.01956, -0.012120000000000002]",../tutorials/data/ising_zne_hardware/100q_brisbane/step_09_J01.pk
"[-0.0012400000000000007, -0.025959999999999997, -0.03914, -0.01874, 0.0048]","[-0.005520000000000001, -0.01876, -0.03232, -0.014879999999999999, -0.00043999999999999996]",../tutorials/data/ising_zne_hardware/100q_brisbane/step_09_J02.pk
"[-0.013500000000000002, 0.011620000000000002, -0.019360000000000002, -0.015139999999999997, -0.008979999999999998]","[-0.011280000000000002, 0.0051600000000000005, -0.01552, -0.01568, -0.010119999999999999]",../tutorials/data/ising_zne_hardware/100q_brisbane/step_09_J03.pk
"[0.13935999999999998, 0.05877999999999999, 0.21889999999999998, 0.22058, 0.18247999999999998]","[0.09591999999999999, 0.041639999999999996, 0.16247999999999999, 0.15436, 0.13512]",../tutorials/data/ising_zne_hardware/100q_brisbane/step_09_J04.pk
"[0.03208, 0.07508, 0.08168, 0.17400000000000002, 0.09208000000000001]","[0.02036, 0.05776, 0.07528, 0.12272000000000001, 0.06588000000000001]",../tutorials/data/ising_zne_hardware/100q_brisbane/step_09_J05.pk
"[0.54814, 0.5156000000000001, 0.5138799999999999, 0.5528599999999999, 0.5518]","[0.41091999999999995, 0.37528, 0.39259999999999995, 0.40115999999999996, 0.40284]",../tutorials/data/ising_zne_hardware/100q_brisbane/step_09_J06.pk
"[-0.0125, -0.023500000000000004, -0.026300000000000004, -0.011880000000000002, -0.0303]","[-0.01132, -0.021, -0.02152, -0.012320000000000001, -0.0244]",../tutorials/data/ising_zne_hardware/100q_brisbane/step_09_J07.pk
"[-0.00908, -0.02852, -0.030440000000000002, -0.030079999999999996, -0.02396]","[-0.00756, -0.02036, -0.024480000000000002, -0.021799999999999996, -0.01928]",../tutorials/data/ising_zne_hardware/100q_brisbane/step_09_J08.pk
"[-0.025259999999999998, -0.013139999999999999, -0.00764, -0.019780000000000006, 0.00146]","[-0.01884, -0.01252, -0.00912, -0.016360000000000003, -0.0030399999999999997]",../tutorials/data/ising_zne_hardware/100q_brisbane/step_09_J09.pk
"[0.6267800000000001, 0.5816600000000001, 0.71402, 0.7029799999999999, 0.7245200000000002]","[0.41424000000000005, 0.43124, 0.49508, 0.499, 0.5244000000000001]",../tutorials/data/ising_zne_hardware/100q_brisbane/step_09_J10.pk
"[-0.0012399999999999993, 0.009439999999999999, -0.01588, 0.012819999999999998, 0.00234]","[-0.0042, 0.005759999999999999, -0.0132, 0.007479999999999999, -0.0015199999999999999]",../tutorials/data/ising_zne_hardware/100q_brisbane/step_09_J11.pk
"[0.013079999999999998, -0.013119999999999998, -0.019079999999999996, -0.01122, -0.009319999999999998]","[0.00416, -0.01492, -0.01732, -0.0154, -0.007719999999999999]",../tutorials/data/ising_zne_hardware/100q_brisbane/step_09_J12.pk
"[0.12226000000000001, 0.06523999999999999, 0.0017600000000000016, -0.0097, 0.02282]","[0.09204000000000001, 0.05588, 0.004520000000000001, -0.015479999999999999, 0.014960000000000001]",../tutorials/data/ising_zne_hardware/100q_brisbane/step_09_J13.pk
"[0.17306, 0.09332, 0.06168000000000001, 0.0963, 0.12556]","[0.13168, 0.07224, 0.054000000000000006, 0.0712, 0.09172]",../tutorials/data/ising_zne_hardware/100q_brisbane/step_09_J14.pk
"[0.09354, 0.09764, 0.05058000000000001, 0.07564, 0.07506000000000002]","[0.06576, 0.0648, 0.021360000000000004, 0.04836, 0.045520000000000005]",../tutorials/data/ising_zne_hardware/100q_brisbane/step_09_J15.pk
"[-0.010080000000000002, 0.013579999999999998, 0.005719999999999998, 0.012279999999999996, -0.056260000000000004]","[-0.008320000000000001, 0.00716, -0.00412, 0.009359999999999997, -0.03468]",../tutorials/data/ising_zne_hardware/100q_brisbane/step_09_J16.pk
"[-0.015520000000000003, -0.010520000000000002, -0.007679999999999999, 0.0006600000000000017, 0.0038000000000000017]","[-0.012680000000000002, -0.01144, -0.00784, -0.005399999999999999, -0.00031999999999999943]",../tutorials/data/ising_zne_hardware/100q_brisbane/step_09_J17.pk
"[-0.016019999999999996, -0.03774, -0.006959999999999999, -0.0020799999999999976, -0.01168]","[-0.015239999999999998, -0.030520000000000002, -0.006319999999999999, -0.006959999999999999, -0.00964]",../tutorials/data/ising_zne_hardware/100q_brisbane/step_09_J18.pk
"[-0.015120000000000001, 0.01716, 0.046079999999999996, -0.011639999999999998, -0.047939999999999997]","[-0.01016, 0.01908, 0.02964, -0.006719999999999999, -0.029199999999999997]",../tutorials/data/ising_zne_hardware/100q_brisbane/step_09_J19.pk
"[-0.010759999999999999, -0.023180000000000003, -0.0011000000000000003, -0.02892, -0.009979999999999998]","[-0.009359999999999999, -0.018000000000000002, -0.00464, -0.02092, -0.010759999999999999]",../tutorials/data/ising_zne_hardware/100q_brisbane/step_09_J20.pk
"[0.28787999999999997, 0.12941999999999998, 0.20354, 0.10441999999999999, 0.15952]","[0.22555999999999998, 0.087, 0.13512, 0.08371999999999999, 0.10776]",../tutorials/data/ising_zne_hardware/100q_brisbane/step_09_J21.pk
"[0.0015199999999999997, -0.00998, -0.02018, 0.056940000000000004, 0.02334]","[0.00456, -0.00984, -0.01704, 0.04172, 0.01732]",../tutorials/data/ising_zne_hardware/100q_brisbane/step_09_J22.pk
"[-0.013259999999999997, 0.021379999999999996, -0.017159999999999998, 0.045380000000000004, 0.009460000000000001]","[-0.012039999999999999, 0.007639999999999999, -0.013879999999999998, 0.02792, 0.006960000000000001]",../tutorials/data/ising_zne_hardware/100q_brisbane/step_09_J23.pk
"[-0.016220000000000002, -0.028100000000000003, -0.0238, 0.02524, 0.0029400000000000003]","[-0.01416, -0.021400000000000002, -0.01692, 0.01596, -0.00023999999999999992]",../tutorials/data/ising_zne_hardware/100q_brisbane/step_09_J24.pk
"[-0.024599999999999997, -0.02484, -0.01976, -0.01754, -0.030039999999999997]","[-0.0226, -0.022920000000000003, -0.01308, -0.00732, -0.02368]",../tutorials/data/ising_zne_hardware/100q_brisbane/step_09_J25.pk
"[0.053279999999999994, 0.05722, 0.06172, -0.03888, 0.022940000000000002]","[0.03496, 0.04172, 0.04224, -0.02016, 0.02128]",../tutorials/data/ising_zne_hardware/100q_brisbane/step_09_J26.pk
"[0.003499999999999999, 0.022520000000000005, -0.01512, -0.0267, 0.006639999999999998]","[3.999999999999976e-05, 0.016120000000000002, -0.01512, -0.02384, -0.00144]",../tutorials/data/ising_zne_hardware/100q_brisbane/step_09_J27.pk
"[-0.028199999999999996, -0.034659999999999996, -0.02353999999999999, -0.01806, 0.00368]","[-0.025759999999999998, -0.029679999999999995, -0.021719999999999996, -0.01744, 0.0032000000000000006]",../tutorials/data/ising_zne_hardware/100q_brisbane/step_09_J28.pk
"[0.6475399999999999, 0.70242, 0.51616, 0.5711799999999999, 0.72768]","[0.46907999999999994, 0.50292, 0.38499999999999995, 0.42611999999999994, 0.51856]",../tutorials/data/ising_zne_hardware/100q_brisbane/step_09_J29.pk
"[-0.020120000000000002, -0.02142, -0.0009200000000000011, -0.012599999999999998, 0.0247]","[-0.015200000000000002, -0.01924, -0.002760000000000001, -0.011959999999999998, 0.012759999999999999]",../tutorials/data/ising_zne_hardware/100q_brisbane/step_09_J30.pk
"[0.20098, 0.11524000000000001, 0.08434, 0.04590000000000004, 0.09218000000000001]","[0.155, 0.08532000000000001, 0.05932, 0.05416000000000002, 0.06920000000000001]",../tutorials/data/ising_zne_hardware/100q_brisbane/step_09_J31.pk
"[0.5177, 0.5724400000000001, 0.58446, 0.44809999999999994, 0.46382]","[0.379, 0.40868000000000004, 0.43655999999999995, 0.3132, 0.31848]",../tutorials/data/ising_zne_hardware/100q_brisbane/step_09_J32.pk
"[-0.02846, -0.024560000000000002, -0.03046, -0.01874, -0.00204]","[-0.02608, -0.02296, -0.02196, -0.01812, -0.00536]",../tutorials/data/ising_zne_hardware/100q_brisbane/step_09_J33.pk
"[-0.005219999999999999, -0.01928, -0.01948, -0.01486, 0.003040000000000001]","[-0.00796, -0.01756, -0.01608, -0.01568, -0.001359999999999999]",../tutorials/data/ising_zne_hardware/100q_brisbane/step_09_J34.pk
"[-0.0184, -0.02486, 0.00038000000000000056, 0.00476, -0.013940000000000001]","[-0.01712, -0.02164, -0.0034399999999999995, 0.0005999999999999998, -0.01124]",../tutorials/data/ising_zne_hardware/100q_brisbane/step_09_J35.pk
"[0.0039, -0.02936, -0.08374000000000001, -0.010820000000000003, 0.003060000000000001]","[0.00208, -0.0262, -0.06428, -0.013120000000000001, 0.0020800000000000007]",../tutorials/data/ising_zne_hardware/100q_brisbane/step_09_J36.pk
"[0.28452, 0.3027, 0.32698, 0.39842, 0.38264000000000004]","[0.20728, 0.21080000000000002, 0.23796, 0.28328, 0.26972]",../tutorials/data/ising_zne_hardware/100q_brisbane/step_09_J37.pk
"[-0.010559999999999996, -0.0020799999999999994, -0.012119999999999999, -0.02714, -0.00364]","[-0.012519999999999998, -0.0050799999999999994, -0.01232, -0.02196, -0.00596]",../tutorials/data/ising_zne_hardware/100q_brisbane/step_09_J38.pk
"[0.01864, -0.026819999999999997, 0.0020400000000000027, 0.016059999999999998, -0.0144]","[0.008400000000000001, -0.02028, -0.0043999999999999985, 0.0067599999999999995, -0.01424]",../tutorials/data/ising_zne_hardware/100q_brisbane/step_09_J39.pk
"[0.30169999999999997, 0.32614000000000004, 0.19278, 0.14350000000000002, 0.21161999999999997]","[0.21791999999999997, 0.22560000000000002, 0.13996, 0.11684000000000001, 0.16115999999999997]",../tutorials/data/ising_zne_hardware/100q_brisbane/step_09_J40.pk
"[-0.00754, -0.014379999999999997, -0.009999999999999998, -0.003239999999999999, -0.027800000000000005]","[-0.012, -0.012079999999999999, -0.00968, -0.0032799999999999995, -0.022160000000000003]",../tutorials/data/ising_zne_hardware/100q_brisbane/step_09_J41.pk
"[0.53904, 0.7679199999999999, 0.51206, 0.7155600000000001, 0.7021599999999999]","[0.39215999999999995, 0.56124, 0.37084, 0.52668, 0.5243599999999999]",../tutorials/data/ising_zne_hardware/100q_brisbane/step_09_J42.pk
"[-0.0175, -0.011539999999999998, -0.025699999999999997, -0.012679999999999999, 0.0014800000000000015]","[-0.014360000000000001, -0.007519999999999999, -0.02456, -0.010839999999999999, -0.001879999999999999]",../tutorials/data/ising_zne_hardware/100q_brisbane/step_09_J43.pk
"[0.0221, 0.044539999999999996, 0.01738, 0.06886, -0.0011199999999999995]","[0.02144, 0.023399999999999997, 0.007800000000000001, 0.053680000000000005, -0.0098]",../tutorials/data/ising_zne_hardware/100q_brisbane/step_09_J44.pk
"[-0.048240000000000005, -0.01196, -0.023599999999999996, 0.0011399999999999995, -0.03338]","[-0.03216, -0.01044, -0.019639999999999998, -0.00356, -0.02432]",../tutorials/data/ising_zne_hardware/100q_brisbane/step_09_J45.pk
"[0.03146, 0.01042, -0.0001400000000000008, 0.00782, -0.009460000000000003]","[0.01376, 0.0033599999999999997, -0.00388, 0.00844, -0.007760000000000001]",../tutorials/data/ising_zne_hardware/100q_brisbane/step_09_J46.pk
"[-0.0177, -0.004779999999999998, -0.0006599999999999996, 0.003879999999999999, 0.0058600000000000015]","[-0.0132, -0.005519999999999999, -0.0021599999999999996, -0.00172, 4.000000000000115e-05]",../tutorials/data/ising_zne_hardware/100q_brisbane/step_09_J47.pk
"[-0.0228, 0.026299999999999997, 0.0005400000000000014, -0.033479999999999996, -0.00512]","[-0.02116, 0.01224, -0.003959999999999999, -0.023159999999999997, -0.00408]",../tutorials/data/ising_zne_hardware/100q_brisbane/step_09_J48.pk
"[0.052099999999999994, -0.009179999999999999, -0.08850000000000001, 0.07511999999999999, 0.12205999999999997]","[0.03176, -0.01432, -0.057920000000000006, 0.0516, 0.08715999999999999]",../tutorials/data/ising_zne_hardware/100q_brisbane/step_09_J49.pk
"[-0.8138399999999997, -0.8328, -0.7813599999999999, -0.7706600000000001, -0.7923000000000002]","[-0.5946399999999998, -0.59772, -0.55792, -0.54812, -0.5718400000000001]",../tutorials/data/ising_zne_hardware/100q_brisbane/step_10_J00.pk
"[0.01728, 0.01622, -0.0027600000000000046, 0.007319999999999998, 0.01092]","[0.01032, 0.00796, -0.004080000000000003, 0.006279999999999999, 0.0020800000000000007]",../tutorials/data/ising_zne_hardware/100q_brisbane/step_10_J01.pk
"[-0.002300000000000001, -0.014700000000000001, -0.0233, -0.007219999999999999, 0.0016400000000000006]","[-0.0072, -0.013120000000000001, -0.01592, -0.006559999999999999, -0.0011999999999999995]",../tutorials/data/ising_zne_hardware/100q_brisbane/step_10_J02.pk
"[0.0043, -0.006859999999999997, 0.012039999999999999, -0.006, -0.019360000000000002]","[-0.0016399999999999997, -0.012079999999999999, 0.00448, -0.00944, -0.020040000000000002]",../tutorials/data/ising_zne_hardware/100q_brisbane/step_10_J03.pk
"[-0.08032, -0.188, -0.05102000000000001, 0.0007199999999999989, 0.006619999999999998]","[-0.062360000000000006, -0.13712, -0.05172000000000001, 0.0021199999999999995, -0.0064]",../tutorials/data/ising_zne_hardware/100q_brisbane/step_10_J04.pk
"[-0.19711999999999996, -0.09314, -0.04255999999999999, -0.13564, -0.08938000000000001]","[-0.13611999999999996, -0.07856, -0.033159999999999995, -0.09764, -0.08220000000000001]",../tutorials/data/ising_zne_hardware/100q_brisbane/step_10_J05.pk
"[-0.10372, -0.13528, -0.19992, -0.29926, -0.17948]","[-0.06772, -0.09128, -0.13956, -0.21672000000000002, -0.12156]",../tutorials/data/ising_zne_hardware/100q_brisbane/step_10_J06.pk
"[0.01874, -0.014220000000000003, -0.01314, -0.0023200000000000004, -0.02204]","[0.008879999999999999, -0.015360000000000002, -0.01456, -0.0024800000000000004, -0.0208]",../tutorials/data/ising_zne_hardware/100q_brisbane/step_10_J07.pk
"[0.012979999999999998, -0.011480000000000002, -0.01284, -0.0187, -0.012660000000000001]","[0.006559999999999999, -0.012400000000000001, -0.01552, -0.0172, -0.01024]",../tutorials/data/ising_zne_hardware/100q_brisbane/step_10_J08.pk
"[0.010960000000000001, 0.0038800000000000006, -0.006340000000000001, -0.005319999999999998, 0.007639999999999999]","[0.0016800000000000003, -0.004000000000000001, -0.01112, -0.007799999999999999, 0.0015600000000000002]",../tutorials/data/ising_zne_hardware/100q_brisbane/step_10_J09.pk
"[-0.23958000000000002, -0.21084000000000003, -0.17734, -0.17944000000000002, -0.12513999999999997]","[-0.16648000000000002, -0.13844, -0.1422, -0.14596, -0.07795999999999999]",../tutorials/data/ising_zne_hardware/100q_brisbane/step_10_J10.pk
"[0.01694, 0.0024399999999999986, -0.0004800000000000004, -0.0037200000000000006, -0.025800000000000003]","[0.01272, -0.004960000000000001, -0.00496, -0.005840000000000001, -0.023200000000000002]",../tutorials/data/ising_zne_hardware/100q_brisbane/step_10_J11.pk
"[0.01122, -0.0032600000000000003, -0.01248, 0.010799999999999999, -0.015800000000000005]","[0.0026000000000000007, -0.00688, -0.01296, 0.002279999999999999, -0.015000000000000003]",../tutorials/data/ising_zne_hardware/100q_brisbane/step_10_J12.pk
"[-0.10129999999999999, -0.13732, -0.04050000000000001, -0.026940000000000006, -0.08022]","[-0.07476, -0.10371999999999999, -0.03252000000000001, -0.023080000000000003, -0.06364]",../tutorials/data/ising_zne_hardware/100q_brisbane/step_10_J13.pk
"[-0.0907, -0.017720000000000014, -0.052899999999999996, -0.06836, -0.020380000000000002]","[-0.07024, -0.031200000000000006, -0.038759999999999996, -0.04672, -0.0182]",../tutorials/data/ising_zne_hardware/100q_brisbane/step_10_J14.pk
"[-0.14998, -0.03168, -0.05038000000000001, -0.056080000000000005, -0.02884]","[-0.11008, -0.0206, -0.040040000000000006, -0.04612, -0.02888]",../tutorials/data/ising_zne_hardware/100q_brisbane/step_10_J15.pk
"[0.016579999999999998, 0.02928, -0.03246, 0.0019399999999999997, 0.01996]","[0.011199999999999998, 0.01572, -0.02772, -0.0010000000000000002, 0.008119999999999999]",../tutorials/data/ising_zne_hardware/100q_brisbane/step_10_J16.pk
"[0.00864, -0.00498, 0.001579999999999999, 0.025060000000000006, -0.019280000000000005]","[0.00284, -0.005, -0.00416, 0.015400000000000002, -0.017480000000000002]",../tutorials/data/ising_zne_hardware/100q_brisbane/step_10_J17.pk
"[-0.004479999999999999, -0.013740000000000002, 0.021440000000000004, 0.0052, -0.02378]","[-0.007639999999999999, -0.010440000000000001, 0.011600000000000003, -0.0028, -0.01884]",../tutorials/data/ising_zne_hardware/100q_brisbane/step_10_J18.pk
"[-0.011579999999999998, 0.010620000000000001, -0.027240000000000004, -0.022959999999999998, 0.041620000000000004]","[-0.008039999999999999, 0.0030800000000000003, -0.019880000000000002, -0.0174, 0.02756]",../tutorials/data/ising_zne_hardware/100q_brisbane/step_10_J19.pk
"[0.00574, -0.004179999999999999, 0.00756, 0.04038, 0.0007000000000000001]","[0.0010000000000000002, -0.006839999999999999, 0.0002799999999999997, 0.02268, -0.00396]",../tutorials/data/ising_zne_hardware/100q_brisbane/step_10_J20.pk
"[-0.07926, -0.025880000000000007, -0.17902, -0.08456000000000002, -0.1066]","[-0.054279999999999995, -0.016600000000000004, -0.13152, -0.06360000000000002, -0.08816]",../tutorials/data/ising_zne_hardware/100q_brisbane/step_10_J21.pk
"[-0.004100000000000002, -0.058120000000000005, -0.03102, 0.0021800000000000005, -0.019140000000000004]","[-0.000800000000000001, -0.0442, -0.02036, -0.0014799999999999993, -0.013160000000000002]",../tutorials/data/ising_zne_hardware/100q_brisbane/step_10_J22.pk
"[-0.023720000000000005, -0.00746, 0.009439999999999999, 0.010960000000000001, 0.020900000000000005]","[-0.02832, -0.00472, 0.0050799999999999994, 0.007520000000000001, 0.011080000000000003]",../tutorials/data/ising_zne_hardware/100q_brisbane/step_10_J23.pk
"[0.00722, -0.023440000000000003, -0.02502, -0.0027600000000000007, 0.02808]","[-0.0024400000000000003, -0.01804, -0.01968, -0.0056, 0.01484]",../tutorials/data/ising_zne_hardware/100q_brisbane/step_10_J24.pk
"[0.011000000000000001, 2.0000000000000052e-05, -0.006899999999999999, -0.001400000000000001, 0.010400000000000001]","[0.0026000000000000003, -0.0047599999999999995, -0.01452, -0.006480000000000001, 0.0022800000000000008]",../tutorials/data/ising_zne_hardware/100q_brisbane/step_10_J25.pk
"[-0.01682, -0.07254, -0.055240000000000004, -0.017980000000000006, -0.04992]","[-0.02088, -0.043519999999999996, -0.04304, -0.021480000000000003, -0.0344]",../tutorials/data/ising_zne_hardware/100q_brisbane/step_10_J26.pk
"[0.0114, -0.0015800000000000007, -0.0021999999999999984, -0.0014800000000000013, 0.006820000000000001]","[0.0042, -0.00736, -0.005199999999999999, -0.00736, 0.0002800000000000004]",../tutorials/data/ising_zne_hardware/100q_brisbane/step_10_J27.pk
"[0.011800000000000001, -0.012580000000000001, -0.022139999999999996, -0.027139999999999997, 0.008920000000000003]","[0.004640000000000001, -0.0126, -0.018279999999999998, -0.023, 0.001320000000000001]",../tutorials/data/ising_zne_hardware/100q_brisbane/step_10_J28.pk
"[-0.23265999999999998, -0.134, -0.17370000000000002, 0.10219999999999999, -0.22854]","[-0.15267999999999998, -0.09, -0.13256, 0.06928, -0.18184]",../tutorials/data/ising_zne_hardware/100q_brisbane/step_10_J29.pk
"[0.00602, -0.027880000000000002, -0.00668, -0.030379999999999997, -0.021880000000000004]","[-0.0015600000000000004, -0.019, -0.00784, -0.02208, -0.020560000000000002]",../tutorials/data/ising_zne_hardware/100q_brisbane/step_10_J30.pk
"[-0.05068, -0.19054000000000004, -0.01896, -0.047899999999999984, 0.02552]","[-0.043480000000000005, -0.14592000000000002, -0.01932, -0.03763999999999999, 0.017400000000000002]",../tutorials/data/ising_zne_hardware/100q_brisbane/step_10_J31.pk
"[-0.12704, -0.18088, -0.10962000000000002, -0.33971999999999997, 0.08912]","[-0.088, -0.12476000000000001, -0.07812000000000001, -0.22504, 0.05484]",../tutorials/data/ising_zne_hardware/100q_brisbane/step_10_J32.pk
"[-0.013919999999999995, -0.02164, 0.003900000000000001, 0.008339999999999998, -0.01622]","[-0.013279999999999997, -0.019, -0.0033199999999999987, 0.0036399999999999996, -0.0098]",../tutorials/data/ising_zne_hardware/100q_brisbane/step_10_J33.pk
"[0.013340000000000003, 0.00964, -0.01874, 0.02382, 0.009080000000000001]","[0.006320000000000001, 0.003, -0.01492, 0.01224, -0.0024799999999999996]",../tutorials/data/ising_zne_hardware/100q_brisbane/step_10_J34.pk
"[-0.004100000000000001, -0.007360000000000002, -0.00712, -0.008379999999999999, -0.0071800000000000015]","[-0.0048000000000000004, -0.01328, -0.00392, -0.008199999999999999, -0.006720000000000001]",../tutorials/data/ising_zne_hardware/100q_brisbane/step_10_J35.pk
"[-0.0019000000000000015, -0.04196, -0.027180000000000003, -0.0005600000000000015, -0.021779999999999997]","[-0.003280000000000001, -0.0348, -0.02408, -0.00044000000000000083, -0.01868]",../tutorials/data/ising_zne_hardware/100q_brisbane/step_10_J36.pk
"[0.0337, -0.0422, -0.11662000000000002, -0.19438, -0.07486]","[0.02384, -0.0364, -0.10028000000000001, -0.14076, -0.06152]",../tutorials/data/ising_zne_hardware/100q_brisbane/step_10_J37.pk
"[-0.00040000000000000105, -0.0126, 0.014819999999999998, 0.007160000000000001, -0.007220000000000002]","[-0.0058, -0.01316, 0.00592, 0.0016400000000000008, -0.009760000000000001]",../tutorials/data/ising_zne_hardware/100q_brisbane/step_10_J38.pk
"[-0.026899999999999997, -0.00754, -0.0006600000000000017, -0.0035999999999999986, 0.011859999999999999]","[-0.023039999999999998, -0.00944, -0.001200000000000001, -0.004559999999999999, 0.00896]",../tutorials/data/ising_zne_hardware/100q_brisbane/step_10_J39.pk
"[-0.26272, 0.024099999999999996, -0.0023000000000000034, -0.039099999999999996, -0.07518]","[-0.17936000000000002, 0.0006399999999999989, 0.008559999999999998, -0.028159999999999998, -0.0546]",../tutorials/data/ising_zne_hardware/100q_brisbane/step_10_J40.pk
"[-0.035519999999999996, -0.00444, 0.00184, -0.009659999999999998, 0.020320000000000005]","[-0.02752, -0.00544, -0.0029599999999999995, -0.01356, 0.009360000000000002]",../tutorials/data/ising_zne_hardware/100q_brisbane/step_10_J41.pk
"[-0.18564000000000003, -0.38192, -0.19932000000000002, -0.1709, -0.09947999999999997]","[-0.15212, -0.27208, -0.15052000000000001, -0.15488, -0.06927999999999998]",../tutorials/data/ising_zne_hardware/100q_brisbane/step_10_J42.pk
"[-0.037200000000000004, -0.012639999999999998, 0.019100000000000002, -0.010100000000000001, -0.014039999999999999]","[-0.03164, -0.01236, 0.011920000000000002, -0.01172, -0.01228]",../tutorials/data/ising_zne_hardware/100q_brisbane/step_10_J43.pk
"[-0.013679999999999998, -0.06412, -0.02942000000000001, 0.01242, 0.0023400000000000053]","[-0.011519999999999999, -0.04808, -0.017400000000000006, 0.0038400000000000005, 0.0022400000000000033]",../tutorials/data/ising_zne_hardware/100q_brisbane/step_10_J44.pk
"[-0.010820000000000001, -0.012180000000000002, 0.00284, 0.016880000000000003, -0.01168]","[-0.00888, -0.01156, 0.00023999999999999976, 0.007160000000000001, -0.00976]",../tutorials/data/ising_zne_hardware/100q_brisbane/step_10_J45.pk
"[0.023199999999999995, -0.04424, -0.04429999999999999, -0.046619999999999995, 0.02338]","[0.012079999999999997, -0.032, -0.033999999999999996, -0.034199999999999994, 0.01708]",../tutorials/data/ising_zne_hardware/100q_brisbane/step_10_J46.pk
"[0.00522, 0.001000000000000001, 0.0038399999999999984, -0.02316, -0.001239999999999999]","[0.00228, -0.0004399999999999996, -0.0034400000000000008, -0.02084, -0.00588]",../tutorials/data/ising_zne_hardware/100q_brisbane/step_10_J47.pk
"[0.0035800000000000007, -0.02308, -0.02214, -0.01332, 0.00252]","[-0.002639999999999999, -0.02332, -0.0224, -0.01576, -0.0033599999999999997]",../tutorials/data/ising_zne_hardware/100q_brisbane/step_10_J48.pk
"[-0.04411999999999999, -0.008219999999999998, -0.07292000000000001, -0.10540000000000001, -0.03577999999999999]","[-0.04368, -0.00896, -0.07060000000000001, -0.08264, -0.035199999999999995]",../tutorials/data/ising_zne_hardware/100q_brisbane/step_10_J49.pk
